6nuq8Z4e,9SQAGBEV,XdqOSHNZ,wZ6UNBgT,WLj5KmjU,c7sSI6LD,
h9raOc7k,cbdZMtQH,e8MXu3PG,ahwQlfuC,oTKd6Rxi,3IhNc7uo,
felHhalp,pReK4Int,z5GFXbXY,UcJ4iesv,qMbIUw5k,mj2qZpTz,
txcqH8mB,i5DAh54I,PfoKJt25,L4uIslhV,TsjyAF9S,KMr2PtIF,
G6npzpti,tX1VggO9,I7FiMO9v,yyvm1dZH,jm4QJx9c,sa6JqUQ9,
2wpMiwhP,4Mb3Z8Ig,uN7dienL,orsMmiTm,Mh85NoUQ,a3T8bCoD,
ntQFHbo3,DQQX7JhT,0pWMNQCW,Rv425qDq,Sr4zDsDe,hrbmaqd9,
PaTBYvvQ,YzQ2XusP,VwnwX0Kc,rTwzjJG7,TzGS2bG1,Iw3FYttS,
YQoTO93f,0zMkirpc,0541gK2Y,e3Bdu25s,SrlGyoTz,XERe5gq3,
js4za4vo,74zC7C2Z,4mECKv9G,90Uceigx,Ki4Unzgs,EO2Lq5Is,
rm59QcNZ,dFcpXqXF,I1x3zOud,AwW0zCtY,Xw6NITKT,xWjskg81,
fF2OrwZ1,1T0Awrxt,VDgDuYv1,VOud2Aef,dh2FL1EM,TCnp3SQY,
v4AZ25ZV,Rr9R1l6e,C6Ro8u81,6to8le6Q,iEOkHLgy,cpnbKsnl,
yfHEHPFN,j1VCf0rv,CdQkY4Q8,reh9EEuc,R9RyXuke,wfQJdhfQ,
s3aq7Ywy,cNHOsa1j,hQSeicqM,phwBwJrZ,MznTxUpI,H4w7evpu,
lfICp7oO,mSnSBMPl,lbcR5BxK,G1QSxfmQ,u3sTaPFw,H3mhPaC9,
lP0oov84,wYV3dfSF,ikyq7eUP,hf66pGdK,td8SGeUd,bPem542l,
pAKuOEj3,Tnag4nYv,z4ndjiqs,5DOaHQu4,pezdQQhI,epYgKVLh,
Z7vgpTIu,uvDcj5eI,jLU9C9RO,yO4gJNwI,UZXhSDKl,8lvsqJaH,
v4Q7dGTJ,sXYbIuRB,tMQjqAEy,T70hR9Yk,dNppti6T,d42VyTuZ,
Elh4TTCL,1B2QK1aV,OxkfPr82,vaV21oZF,JgHA8kl9,VoXFn7Ab,
CTqrkwrN,EkNDINhp,1YY7ijeb,FbO2gnbS,gzhy5IjH,17lJSA7R,
y5ZPmdY0,nN0Dacuo,LLWPsfwt,kPacnh4W,k1JFeHDB,sDdCNH0x,
sUmU8Qls,EwD1LFV6,GEJSkmsM,XFnLkliK,eCDmsYM6,up6g41kI,
E3BWn3Ik,G330pjID,VlXmkJqO,7w29wmS8,nr4IuK18,O46boOOh,
aJDus4gx,yhH4BxcX,YgFq1GyN,LEY7qKoA,t02T4hpC,y6F9BR6x,
6MX5qtQ9,5OgvwD6X,D8OFpdfV,hS5QI9nO,TkRkNHrQ,tImXjsSU,
yGxWSMR7,FUYl2l9T,GYbrDDi6,lC1C2TwA,z3upNkxq,cvLeQS8u,
QjWtWcxf,OyRQrlo1,oRqabXAn,qmCheIL3,1FwWR4bD,C1t2mQ3J,
HrTSnrfN,NP20vO3x,txrjzAWc,BoeWefDV,EuLZVYLH,MNHhzIM1,
fdkPOeZn,CbjQoUJ0,os0krJZd,uGs2mf3B,sloeznCc,wT0UOIVa,
aTszArK2,5d4rs51S,qp7YLJ8h,A8aoQ3zZ,UZysrjuw,wxWWCXO1,
mTZ5A7lb,dvz2w61o,6xQvQkZk,PVgsS3rd,WqixvBGG,4dIAkHYo,
fMR55QoU,MEmEFLPA,b65EHLlM,Y3kgJhCY,3t38ir34,4nGH9whi,
CkXh5g32,hmg0DTYG,k0NCpOEr,bl9iPozp,JuGMKIO1,250FWYje,
W4PmStN2,MUizjRW0,lBM3jz5j,C5Yy1fKY,izka15aL,0tlhihhE,
Q3H7CKqc,NmKNCtLU,23216dN4,E6lWlCyc,EgjeYKrM,69xGCiyD,
jzEnKpso,vNkRoR30,7kc34DN9,LkPlAmWR,VBfFYH1u,sjjQakOf,
E1jJC6Qn,rDHZZDRS,c6xbNwFd,QY40gSgU,RxBuDrR2,5y24aRVm,
XsxIZaVN,6XNmO1hF,yQ9ciZcl,vcpF3i20,LxGIIAvO,xg9lioZQ,
e80w5dRB,nfgrxgpg,M6WuGpgb,GnvYLuM0,ANuGYkhl,xvM2Kajw,
gdYUDc5j,AAfj21jD,MMjI6y2B,3MDLWUhc,8d4Jq82Y,IfhLezmZ,
jFHndJYe,wB0qwfBC,tFlRNlPu,A4dMDzLU,erhp8fDC,RB3lREVi,
hg95zWz7,YKTAjDuv,4MUc1vPQ,5S9Uu4cL,ijQRdnWb,5QLotgTv,
0LH1fwSk,mZcQ4mAk,DocQK8ZP,WJenX5SX,PAY44Omr,MyfQSPav,
eklWriLl,1XJY3BVQ,9SUeEeDq,KQeCEn7Q,FqM6IxsK,v9GwKAmU,
se64sJta,xFMb2R1I,hNMXjeHO,nmi6WEYm,S4qiNRsk,xcuz1vfg,
h2dAeTmC,fEGbgEx6,IVotNOLk,YfRXJ7dY,9oynhSXu,uDDIfaOX,
4coRYa9W,n0T6744g,sACKqzcS,bQAq0om2,yKTwS2qg,1jk8lnnO,
VXwmuIeF,yN4xbqzK,8re1tFfs,WxBiUW4Q,TAalim1P,93mjrT1z,
kdyMSLeN,jN5bH7Zy,H7UXuVKB,Y4SpYRWi,5t2XehIv,2LFKSEix,
Mcve7dN3,iEqgvlwy,Ozw0OcuQ,Y9AQNTox,3RJ94vcm,9BACU5bG,
CFGqRaeP,hNG5G2AH,RkQVN1gW,AOyuTJav,oOTeX83e,VHhzJQgy,
a7uV6IRG,wnao5kRr,6LF3RJgM,oxl6nzEv,E6qKOfqj,DyFISw9X,
fPY6weSU,Kb07JFBn,LZ6ydwPQ,5uwV0FSg,sPmY3dRN,mRT5uste,
rzME3Bs6,5Y23CSh2,FCZJNQw9,FnfaPGof,d8RgJklM,glNSb5VR,
FUAsI4Bn,sQvhuRuH,ZmWGEhsU,CgLNjECY,wcqefZzH,O5WiWrYU,
LUAp91jJ,h2uyG7wc,jUoyRYdF,1aWVzUPk,MoJVp0EE,38cHdGSv,
yg1pcf3d,nZ9URWeD,iVwHT8jU,etCs7sXF,IY3Vb46y,1dsS8Etq,
xX8r5pjh,TTJ0lEE2,BHVML1lM,fLClo3LV,0Rk3hEk8,v28PGMRh,
rM4aNnU0,6wjux5qx,WIAbkTjQ,VqFBcwRC,gTM1gH0k,bjPJodej,
VNsgGM4z,cHambZYr,SLs6qsrB,Kei8rxpk,kSyYCCxM,jF8uF5Tv,
QmCgM1Pw,f8DED0YX,SxTs7qer,5lTIqLeg,7QuRPjo4,pZI2ZGXQ,
bQijevIk,Qz0gkewr,2YhRfDTF,CBFzgBpr,rGIGbqY1,0YhkbNKd,
J13YCWBe,yhNMSbbh,RUV2iR3i,OkBZ5jaO,idMUao8G,DTst4BIT,
vCVOtY4f,gFelYn7g,AUaIggoR,8Oicq06V,CZH4WMjc,pwwmRDCr,
vL8JZwA7,lQiJRmCr,lkth4Lut,fYP6Bqv7,bDQ8apgt,fya4UMud,
6XvaIXCX,Vr1uRxz0,ao9iNnL0,VV3NGx0K,utVbqv6j,W8OMDnMN,
LT6wgPvb,JyWp5X9x,q2GPxL8s,TUeui0h1,Slw8bZiS,xehA9o5A,
pMnWxvmo,qASGz7Fr,t9zE8RuD,4Ldd7jLw,38rACNW0,mMGVTjkm,
rRYxHsbL,boYjFINI,Qegs0asm,W6fQozaP,o9m5zxOL,UL2xtPej,
2sK2Dcox,hBnF8wsw,DMAcimVc,7VHyLTSN,mANXKbu1,MQEUm6oX,
TY99l3jq,Y0ZHUPue,phb9qD9a,tL4NQrKH,pSQIV99R,98z1V1fk,
jorH2ySt,kUhalZRJ,PHrIQyAX,E9XzacRr,zh7BPZ27,Rhfdh6U4,
LjNzSnxu,us2CCT4b,89KW8N3X,4jajn2m9,m9IcudGY,FIAiACrI,
LcERXGPZ,ZXhk0Dtk,Mawglcc1,TKhtnG96,QMWNsJLp,G0JEDbYn,
lsBGFNFw,xUZSB8Xp,UTbkCWJi,WtVxERUX,kvDXghtL,bqEKwBap,
ulJ4ftk9,UfGw5Atn,34ijjL2t,9GdFfl4H,EMLRd607,jGBoe2Lh,
41yoKBRT,f2xvmzcY,lWQy2QDl,vcIJerZj,txFd6u7k,uCPQbZNx,
VD3VrHhW,RZE6qDnT,805fuazY,MmNXjAsd,bw8Cbnz2,kd6LOtCW,
rF9VPGSB,0Dzkb1xm,vDYE1vHl,GL4udFpE,kyyadqLd,1ixci2yN,
GusFY70C,S375IuI2,0gcdGWrF,eWRwZniD,RIgNPeqF,hvJXZr0Z,
Habl6C0l,yPPvc761,PmPCBdgQ,IZOFoMC5,WNo1nokU,b9pnfum2,
ObFpmTe4,Q0HeMihI,5FJr11lc,bIxqcTq1,33opWCsM,A7Ympf3t,
SKURMf1X,Xwl8qL9r,PxQJ8gwI,ou3NI6gy,Q8qCnpxj,WQrmAALn,
5B6bQCSe,5VZL1ejP,mHsI7X13,Osnm08J5,HPfxq7Jt,2He1TvQf,
dgVkcWlY,mIkmQ3qx,QD3gKKHK,rVJkpxyC,OtUYofWK,Xe5Lfvg5,
8jkQ21yt,VhOkOkUA,NOyb3sUY,EZJTsXZy,fhohiWKb,bwvZOnyC,
b4LcxDab,CR54N2A2,jYjzS1J1,wc1kAzUL,DEW8h4iS,UlWHlvJC,
t0bkZUlt,7kOFRGot,kkzApRsj,cm0xRH7j,FjBEbU8g,fUV4ykxR,
C7r1WRi7,dgE3XKmA,3VfcPlr2,dk7LCECf,J3eGSvN6,Lp7H9rha,
mulbPKe2,4lMFXoUF,q6jiB6mn,tt2BUjJe,O4qBOCCR,VowQMova,
uMt4SNpk,hrT9KCow,FM8rmKih,8M5Saz3D,luFch4ww,vnEdZ2IE,
MQ48yknE,7suf1xQl,Zvxfz1L2,openpW09,K4hioCUt,3oJ2UznR,
5U6CVSFj,fTFDNFMx,H4N3EFvH,3eIVL5NO,YTrRJ4bX,VOAIrmd6,
o093DEIG,QqAAunos,eNhYPsVK,etqFPDLe,BTfexXTm,mtUOOge2,
4vYRWTCa,m0QaEBod,uBq0whkS,KeEyuSAw,oxoiqYsL,YiTAShMm,
QckmtEdb,QRJlKhP6,Obod9OW8,7PGZ4sjU,CEg5gre7,jVq1bd5X,
prayf4Em,RljTLDNo,f2rttGAK,BYLMcQKB,fS7vVKPM,39GOKraX,
rCqTgZDR,XpC7dkGt,cOW5yLSB,UwnCVyzn,8YgoXTdS,gNYs7EVi,
qRnWCdvv,JT5FpD0v,BgTw74mo,SkOXXJfn,yBi8ONBy,EHb3kbwT,
pnpwsJSi,4EdZntkT,4C0QqBo4,gx6yICr5,0OAqwsGy,7TxskRkm,
ukdUTzWa,70GNB6Tz,UtZoTDWY,wtpPlJbN,3mFUWB23,AJQbPJKH,
aH64k22O,wrDPaNCb,9h45Q66o,PVzEChmN,WqRgsT3W,jEJtrjDz,
yHEpNJNB,ElfgCz1x,ZSLqKOk3,t4uSl5rU,M4jyN47p,pmD0UFvR,
vgff5Aiw,CNoXSORD,S89Ddg0A,ABysg3kK,izZn7gRJ,3dFT1wuR,
DBsQPsoo,2VQgW80e,G0zNgqvh,Ca8DEBth,cV50msoo,ncEhjFuZ,
D3KRsd82,neD0P6h0,0nYmPkIa,wkpPXTMA,VvrlIxn4,MY4z5lz3,
GxntR5Bm,n19lSUVL,pl67SrbC,qfctzJwf,fRH4Wioj,jyCasyVR,
R0WHp8kN,lugUdK8q,BPvv5TNn,ppxPVqGM,qBuOJMB2,gQVry3S8,
QlDTeogC,MNrHe6sC,HUqqG0qU,Qllmmdua,w64Lukle,6MWiSmSz,
ghXUhoO5,H7r4jUcP,0gyszTHF,GBVwXN6b,435lpRo7,WQ9fIl3I,
CBa9tPO9,qJDnuJwz,LzU8qhfl,5myNIBvi,bDrErdLR,Uodo8JXR,
jQZH7d2c,zBZhasxl,3WXu9Im3,7xqdgn2x,b1dgcfsM,Op1XPzgT,
tenDWHE1,e2ctqe0z,edQqrgad,Ec8tJpkc,DINznqzC,sL3QY1qa,
feAEuLP8,VYACnUM0,AAxYY4yq,OBhMCFWP,Turldhs8,f2IAUvyv,
33t18ZrU,AGGajAYc,4pwgGYmT,05rUAXnB,1QC7N11l,IFw1fsch,
RIvwESnE,XPwvKU4L,IGQwHRPn,wjnJLxZD,fu7Tmuvh,hZK2TOLA,
uC4arTxW,dSFYpCzC,7Gtr9WHo,WrqNeanG,MrQdjm7w,cLsCn0cs,
EGUNABcw,0AkeIFVs,5JGo3LUg,wkQUk2mZ,GeKhPUNO,t52bJVEO,
DicG34UA,oKsJLOGr,3qGQlsEM,xFXgAB4b,ReSViKtH,tVoeH4DI,
skxLM9xj,Otyn2AyU,NoN59gKA,98OOarvB,L0mx9SPY,lllnTRfG,
e2MlguVp,DJcL8FmU,FHpOxcMQ,v5dpVt39,tNuKin7T,6jEeWZ6B,
EuqbGa1c,ecz7DCe7,qIRI3WB9,edlacqMO,UaXyiWIu,9hBKUPPi,
vEYwBxFP,KZZVpJJh,RFP8ByCI,NctHZiXt,XVZysDlb,Ai6Z0NeP,
s3X2zyKn,Id2Hu08r,T6XkHgth,yxeyksmL,tjN3Rvox,JqfbolCg,
pxA6N1nj,yBQQ3cBx,tmylQWQz,k3KJpkZO,PxTAygR6,QHWTRwol,
QUEGQudb,yVSVdPH2,mAASRsYH,7SyZmVkb,PWPEq1NW,WFR8uz8O,
9JGY9CFg,scfP7xYU,tNySOjOJ,YGPqfXcm,EQlNsY4T,ahIfPEag,
pG8e0XVW,BKlOHxam,ov7OsbHC,tnSg10wr,GFDGAwD9,gWXVt7fP,
BnC3wjDZ,HtdGtK58,nGOVcp4s,lZmN6BAF,YcGvwksb,NGPfoVnJ,
z9EMzGeS,FADJaep6,q3BUn259,GTo2MLLl,Un7r3kiG,SVp27M9y,
QIsdIwkm,nIo9r9uk,uAJxU1bK,VBL2nSyb,y1nhvHDQ,o2ZN9r7E,
1P9TQlCJ,UnMffkrL,jM2MtECP,EzDN1Ip0,xxUmQu3K,RPZ48oPp,
aQcCuMp6,m2RlJhlg,MdACHEmw,rjyxGmXO,c7qERQId,QzwzQSOC,
5ocL0wfq,QOXuaSik,ZJWPxE0n,dxV2pJCs,5Pb4lru9,frBnkUHh,
BB68d7tq,Eoq153rb,QDf94Hhj,8SEqMjGn,UKt7RVvt,jWunZUwN,
xJWBqdSw,6wVQNBcH,lFMbAhES,b7d81JVy,sS7S3Xm7,rhYeSaVc,
NFnmW1e6,6re78aDA,0Kq3HMb8,47mUhf64,UtqPtCVz,19F7hiHh,
15jGSsNU,z7OQnVSf,mh4PRXnR,52YmiECj,JT0BlLvU,SkIfdytz,
PvnFtKww,KuQ08skQ,jirE3VwT,de7qLAXy,5idw0H2K,cTLij36D,
jyhkrMdE,Yk2JUXiY,gvugdvZn,oIDFJKi0,gykFkxjg,Qj0KgiGu,
L9JWEGj0,mVF3DW3T,snyKSP0I,60rki7P2,gwYScgSw,bwzOsCFU,
XbEP0Cy6,DXoT2dVj,HS9T82nj,wW5WwKOt,VqjT2PXF,MlzOxs5e,
kf6sftJJ,oOFUwtop,TFgVudze,x602y6gR,jkhwM1f8,NU2kloHc,
1Y7tbEHG,KGIhMX63,fnz1mM9a,EasZw9bw,7gZhVFXD,lEU5B08O,
mFQIrXS5,5i2Csb8x,r5OkKKY5,oQaXPgLb,VzTkxKnA,0ncsyiY0,
oMi6weaS,5kPUzz3s,6ULDC8cD,wo32F101,Mj5ixf9A,yWu7vvxC,
qid2rpDV,MHVpGWos,ftJKJSlh,ONmijTSH,c3JBrnub,2pyIjWby,
pUh6KCnw,nHMGBEnL,G5k5qOgs,bOavKj17,bieTSzqg,hcUQPgzv,
lTALFObO,CjhkDjrM,zDGqb6Eq,gye5ONA7,E8QjW15w,lnQWEgId,
RmB2sfqH,MEMArlG3,twmowqUR,NJLrXrCO,OcPerdVd,SIMh1qlu,
WFQs5JhQ,q2fnuS9g,4WutaoF0,6rh7PAzL,gocj7tax,upSYf1ch,
WGJ64o48,NldCWLla,9xreZzJt,ZzpcyBsu,fbykzCqm,WCWQnh0u,
PpGOZpfY,WE8ufAZu,JxMi8bC4,NwU8OSCB,hgpgDEcz,gj3vR2XB,
yIRGTsIG,YAOMqonH,EKWhm6OC,pR5fU3Qq,LF4C7Mg4,k2OKqap2,
Ujhfq5RN,UV0OYOcH,ughz0xDi,zq2XAqXs,JeH7hxTb,sTYoIa3a,
pkJnRlGq,JIlj6iJO,urTJWMUo,EQKkZNuo,7bJYupmb,6HucXe0r,
DUazE2Vg,RFAQs2cz,cVvElRQr,wiBruAS7,s0E60xnR,cVFCWRb8,
LGK4vAtZ,T4qlEgt6,e5bfDw4P,pKslzBrk,gcoJKPJD,U7XwoqBC,
tMR6gUUF,EkZbTqw9,CSRnIyYA,FV43jFEN,ptRDnJjZ,3ibXGF4h,
xTEdrAL7,uQ8NtMyT,gouB7NB9,3M6Ir8ZW,0B8rbTyF,HFrbrX2F,
lwhriSAj,EE13K0ZK,z7cL1IoG,nNPNLPs4,mHvCz5Tb,JTeuTecr,
lock7yZs,mOf7EI9Y,pFAXIr8q,knScz4DS,tPbyla0H,YgMAWWyj,
z6ghynFS,Ix2hCF73,siBOsBvp,PiZLcw3L,Ch08EG1m,d1BNHHQ9,
ZpVqZrPO,HMyTizCT,QC1vg0Pu,2pfJ66Q3,vMtsbgfS,3NJjmjca,
TeFaetEg,STXWXMZr,yrTHH8zI,Tg0dxcoq,o1ABscPk,6Ne1zes5,
DkMkqj1k,x1v4dTuA,T3blf0El,NSlk4LnH,570uo1OV,2hXdbsN2,
vYnIZZ2K,Sn3U8oAc,wAGUzsOB,JLOSbAUE,ygnvfpg5,Kh0SFy4b,
6I4FaSeU,B0MNAFp7,VMCa9QeT,7cKNKMWO,vYtFOFzo,Fk9eZylS,
jX0qMekT,q4E8QzWl,vnZk2yIG,QRUPndHG,8I7UUpOl,rqrfXoBt,
JyLK4rqV,giIDvoiD,4pwYMihd,IJsE517O,zSyEjWxx,cfaHDsjH,
PPGB5VOL,EfpJgwwQ,m2sDXZa9,elPQL8xB,Vba07ZLJ,ebruFXi0,
XIDUHO2U,7RKQZfrS,rCQwzBfL,KGdoBwox,eZpUNrOS,iyJfN87c,
IXIhxW2f,AgBaKZHW,Z4QKwCBO,ai2Wq987,5PoAJpNh,Dprlm6hj,
b62HIBtR,TvLhDToI,GLgn83FL,q66Nbl4m,r638HuXy,0IOBzcjg,
VxB3AgO1,lSMweQSD,XTJClG9l,oXWY7dc3,IN4j2Rin,J2RVSHzN,
ygoTXxdl,u7jBjvE1,hJkjAAEh,CvdtaKgI,0EBVbMhD,Uyfd2Rej,
yxA65eoI,HzbRhpzf,28bbVqPP,Y40YTehs,JRwP3UvK,rGBG38W5,
h5hct6Zp,8Zo1bDrV,tYIwQdhg,RQUUZO0g,ThqklnKt,m6svJSoc,
O6JCjYSa,OL3Nz33r,irLDOv68,zwEjo2vc,7cNqaDzZ,oAMYDOpV,
faw4EAcd,6OwtR0DW,cqkl4Tks,r6q4UPX8,YrcC1mN8,biB0ieWs,
FgNH859z,cyC4nxcl,ZmV0JJ8U,1HUhUOHx,4tecylKI,TmNhTXAS,
kuT3dZXc,FPrzD84F,BiS8DAQv,WDMNBkGV,OxWZuRb9,EAGhJKUi,
0MqCkh7g,SR4tbImY,fgXJ77RL,Fx0ogVFg,F5S0kXgd,OiEY0ZWf,
fRXnWO8C,j7Yz2DOH,HGH1CWcq,eRodQis5,8nq29xCt,EB0GcOlR,
t1R5X3t9,SQmG6NKe,aafiHRJj,qJXBwjsZ,ih2fjvmb,jJSqwCCE,
KRUqJDJ7,nFIRW9Oe,oQrHjNRD,uH1YhDB1,vvpc97ju,M0lI79Uv,
Xjbg62Rz,JSv0u61Z,CrbJysdi,swYzFS3A,beOfgGOZ,wkX0oYXY,
n8HTzSb1,o9z1ZABa,Mqo24aZy,sWxRSuPe,Bv5anh9M,oGLognw2,
NU2P3Znv,TUmKnaYY,F362ifMF,Uw18Tx9E,qbrt9OW2,HjM4tI26,
K862lRFf,nGogcxSA,Gj3P5ZQM,gAQHjSN1,YU1kLHx6,nVkxqc77,
taUy8Klm,j94C2PBY,HCiqjQwF,JQca0kfr,s90ySjTb,qVLqKmpq,
YFQgvlTd,b3nanCBO,JzkBQdMh,8xHRT6hQ,M74fqXsC,0NKmnla7,
VuGLGt2O,YKFQOWEA,2IQqFg2D,4MZp67u1,AbKgCN4A,vIojC2UC,
II3lW5Z0,QWoW4SVE,3FUFqWeV,EAdhD7Tj,NUFJ0EIO,A6ICYBg0,
g8DF3RAF,qNW1SOkD,IZnGB3sc,78M5J13Y,9HDawbQW,XMXNygrf,
fMTRNk1U,sNXaO18W,IJ6cUW9R,H4Ddk4qy,OinBCot2,9qcWriS7,
1WkWRrLy,voJOqamc,sJL25e4e,Fh84zYcB,VuvMVgiq,D1c19yeB,
fZDkcIxP,XDTuC35x,xyhsPzRq,y3rIAFjP,DV8PBDEw,gx0SB6n6,
EEzrbqRK,rjs1WJPz,EXmdy0JM,wKD5O0bq,DKQO8HyA,Y0BTKqqm,
lNARLhEh,1hkNfueS,c4FlJdTG,cszURZgc,KO2w4GL3,V4Ray31K,
7G3ORWu3,p1VgZcqH,Ysd28X61,1VczYbh3,PlPGhiIE,jDUgNjYK,
L9KS6OT7,J3EFcUI1,fyGuQo97,Z1mLkkt4,tdWA2NFJ,Pip1c53p,
BHTp30v2,2RLkbeoE,sics6Q9T,6wUiCVFb,CyBDx6Gx,XpP6EeI4,
uTuyJDrP,ak5KfKTQ,gutLy7it,x8x9kgbO,9DlQgMDo,6I6kq0aE,
sBqZJGqe,OYl6ewVl,9gbn0OK5,uOpUOzyf,aWeRDC5r,AqyMUr71,
FinD47Iy,V7sIEZXN,V9EyLKYk,8u61Te2w,up9zuS7o,Xy6Cv1po,
81VRJRbS,liTcuTIW,hPvLHB7D,7dfCcCYi,DTanKjd3,z4f3VVYc,
LtYq2537,hgHrSGKu,zSPi92lJ,4zKZuIcd,a8EcbHkq,Y1SQFAif,
q7vz7Ogb,n19QJj3T,pH4ApmZl,lP91nseN,zJkFxBOT,CXJjeMbD,
sdcPzbaU,0jVnJ78h,QsWm3KfD,GYVUI6wa,jIXQT7KR,rEeaLkrA,
MlWO4bpK,7kCNq8WH,OTxF1gwq,UIyD2YdP,j7Bng05l,lI9JO3pB,
WWgVcNj4,vSGwOTl7,ZUtfUwBd,cKV1LkAH,gQBrDUt7,M9DA1WG0,
O7dIDOUQ,wPPh7pXl,dyMRseWd,lxLkrpif,wwV8iPWP,CL4J815l,
xPa014bn,BUH2kYfO,ubUMYQzB,zEiHDl1b,bb9agkxP,edQwb5lD,
efpd4ZMD,B2leokpx,vwHJQdz3,onxzqQaF,6zQ8wCL7,E4k0oHxU,
efB2q83O,vBnWrvBv,4rDz1pED,tYESGbKU,olUOuYCX,zXT0ssuv,
R74SwGuY,F8OjhybE,R5qj31hA,YazpB3Ss,aUjFALBd,Tpw8VHKM,
Lb6Oclp8,tYx4Zpv9,hOMSzn5q,KCwFhhq2,quRAPeIg,ael9BQgT,
C3L9oQx7,q1KGiaIG,CxgpJXGT,bZ0MNhDn,iowEd1LB,2uhjC0Zf,
veCfbg6m,f760mKnC,6RgjS0TT,uac689jC,nURyaVSo,0XomHKYN,
zd5qdWjF,6vLdE3P0,XEw5xpty,mQU1yRM7,4RxfNQUS,jD3WGQWB,
ssHZRaxb,YqcwhZEj,ObyA0sqj,3tfKhbjJ,C0Gr9eD7,CNERMgaz,
rI9r8zJb,0YTh8dYK,dEbmQMss,A6jkkrTL,70bdxSpx,QgMWtKGF,
nQZdCpEa,tVvNnoxu,nGIUy5sm,lcjNVXqi,NntoN7yg,334oqBQN,
hyFNB79V,isIdo6t9,tUvg24v3,5zpt8fen,OUanZjih,KYs64Tfw,
OLKONfPQ,MekUtwhf,qpDoJTFr,S6xUXKqJ,vbvgok7b,wp30Vjdm,
IOKpInOA,rlsn6T6z,2CQoWXzr,kBpfSCBA,rjY7FMF4,87rc0yJ0,
azp4uWvO,vS4nvDYU,VU1AGGEM,N6WMCGKK,f7OI4iuz,ayVDaRx3,
LwDpafcW,j8GTMqD0,ysIAIc7Q,J2uRTZUE,uv4EKeA2,kgV7Fx7d,
ZNNFXSvG,VXvOVprp,Ut3DFCDZ,Qw4v39I0,UtFSk9wf,421Zpsok,
VqVA2yyS,4Ao8K48E,wMuQV13Z,14ZqxlIq,LDZNbvEe,50mN2sqw,
eUk7Tn5U,s2lXn1l7,FiSONw2R,umExN23Z,Xo7QJaJ9,c26x3qEI,
Ixxu1xlw,UX1H04GV,qLJ8Vsh5,uoByOfeu,KJWMhfgb,dhQbjw4I,
gNQbg7fK,tQgf3tKO,cGytWOC7,3sgmZk2f,7Son0B6t,rkJvNrj0,
5PrZB46E,wkYtE1GM,R37REbj6,w0zhrSfw,FHugJASf,VOHxNnhF,
qnu3yN92,NGkcwxHb,ebpVJhbC,5SaRdpwC,M0FjMMlx,sDIYbp7n,
ywhfNsSQ,i0Htpb5a,cItWsMtS,qbQzyVU6,rbmcBc3R,cIlzUoJ4,
7a0xXtql,FeSbaKiB,UCMvOPlY,vGvn2fr9,nrHiT5Dw,jtHteX38,
zPBlCWh7,ANvD0UKn,mpGduhJO,LqfZoi5V,5EfHBwN9,hgKhavFu,
SlHnCo9l,PmkbDn4I,2hoBO9K5,pvnxY00Q,jHbT6kfT,Fx2iV40V,
mmwavedS,JyqFwqwP,5HJ90W0F,t2Xm7Vhr,gLzL0MEH,j2nPqRDt,
ykDwgBbH,C64H0j8g,5HZ5rBKK,B7y1Ybvv,t61JHbqj,fu0dO6rR,
NrWf0GXC,MtDIC6d5,cdOUmfbz,HaNtgek2,FefGTcgF,ETng0zma,
K824neD3,mquAFPAi,1PWU0cxE,4TU4qeca,nfeIrRLN,ielV3Wd2,
LaXLkuno,lgqLuDVP,S7yjZh4f,vp8wllz5,tuOMWaai,qB3SeXI6,
4en1treZ,Omt8G0d7,uZTr94Jz,FKqRH8XM,kiNNJ2Kx,meF2eQaH,
Q36Z5NxK,xXBf3wZn,MK8vKT17,5E9jthYj,j4goRN9p,KICNdB8Z,
jht4aubf,6iwzyvQR,x7fpUoOD,5oogXxfg,MIkWat9f,KDMi6D9E,
Io3ALPdO,bC487joT,0HN8aUnU,x8aCLjgt,Gh3r4fff,PhlWyJPy,
oAFzu0rZ,8CBTTPkz,6mY8zdlo,sGi1o7zM,Fej9fL8l,lKdexvOE,
RMKoY4Mq,I4p69ZRM,b8VoR2Kc,KXphsbTi,VEETIpiq,rHvzEklO,
shaihSu1,PRig2awY,MaPsz5Q1,LlynDTb4,akmrcOq2,GHgGRMCD,
Us5sxVrg,fZEQSNU1,7eqk3RkH,wAnnkYYe,q1EVU5c9,4O0VBSWJ,
7k38bnPF,Xa2f8Yrw,Z6qUbC1e,qZ71Q3KX,nL5x8Sc3,0di79KD7,
Q3ZZD0b1,Yi1OlJJH,vMcBEmFC,xXJHFlOt,mNtYLCZJ,V0veKeTd,
05OCqtdX,pUC2fqwA,bXyVzxCu,w8HekArj,GfV4J616,1E8e2COc,
zk79QJBm,PiyaTZtx,emBVtAZu,c8GdKtpi,NupBd0V3,jtbasEFF,
0gAtOyV1,ECeo3DEQ,73qi4ljl,Puth68W7,mvya3sbF,4p350GT5,
JjmLFD6u,6xJcFEh1,7Qc8ilNk,JOpJuiPc,A9XfM2HS,zo5d0mc5,
amdsIYKr,L78doVpY,4lbRnQHU,eK5d7iif,CuGksqJb,ySpWLOSQ,
93FuTmn5,7sicIzrl,37DtwlF2,d4WYQOMY,RrqIONNV,e45UDwdE,
CR76cK8n,M2jDO4zD,vZlhL6aX,afRLM5pm,Uvq4fwr2,yIDmMcZg,
bkxUoIRz,XJiHMI1G,drKqX9sv,R5PCfOQp,6njv3b21,SkGE0Ikb,
92C7b4A0,8qAncqKh,M4KPfKO5,4vJ3b1ek,3QpeTYcZ,mNkwb5NX,
9xNmhBrk,4alfbzyc,oVohTAgf,lAKxDxuM,5f6kRxCT,FX9OxHYV,
CmauXoHi,WrNAZim2,vrkmWXeA,Unmp2liE,Hs8EQQVL,hGleWFgs,
6BM3y0Bq,nXQpi820,zaCnYv8e,crs87HAd,ineOlNcJ,L263981G,
hE1d98rj,zSsGz0SP,l4DHSPoD,QuEXBGBQ,kC3rKvLi,lbYU9OJv,
TmcJ9ykX,2YSBEtrW,4vmMY54j,g1bnPUSG,e2nlAHjB,G9aiDCfF,
5zr1EuiS,ttfin6XB,6kWF2dgG,noWY09B3,I04mumeX,Pseay9JE,
tGjtRx7c,W4aUbJYU,K0eclr88,Tmjpt23U,GlmwQtIK,vRFHABzk,
zNxUeF17,ZkwskymZ,RIvHadsD,45kDERVd,Fs6T57Z2,pvsH1NGS,
tbyDnYfp,3x2FpYQ4,oWXs1Wso,qV6pGMi9,WOLjM0IN,xJsWFi01,
dWteQWDe,PJEvtUCp,InIunphT,6HPLZOMc,Kepy80NX,Hpqaj2yZ,
qetLDIEH,puqmgdxY,pWwxUhsB,GQJZShYg,wp075EPs,6fPmqmkP,
gPka6MLN,CuKtMHJg,6HnamcCq,qrLOL3E1,SY9ZJUKj,nuM7bung,
bIqvT2Wj,sH7dKJdB,GmAnfkGA,MrHYV2e4,KCADEuU6,90iRJvsn,
P2K4krE7,Sj3LlfN4,RlFvPAAY,AQQhjgF8,hndBMPGC,7JnsW9uN,
uahkIPgg,F4xYla6C,yhbk5SVc,ziCwr7hU,fyeXnsd0,xIYST3sp,
iDHnvCz3,TaxifOcu,lqrGTCHo,kDgbGIAZ,jgkPSSQL,2n2h9eJu,
D8buKSS4,v6eaMO75,4rSVjIEj,3GydVhHy,pS29IUcc,0qkMcrPf,
SIaaqOts,v2FqhmWH,dYOTQ05O,onyBOnQF,5YPuMgWf,gzFyVzd6,
x1Yl019o,pHXd5LQ8,HFCuUwJ8,5nEZWR3s,R1NR3Xds,C9DHUuOC,
7o4ZVL8Y,6KX3C1tr,0gi3bttO,C7txzh7G,E9GzUMx1,wt26svxs,
JNuThVHT,28oBovg2,CWzxI4wc,vyjX1OoI,CSBTLgKO,n9nLCDLf,
xiKdmgqS,MHNNvbt7,15YNlHzG,OUrqyaD3,slhNBFDl,mq6RCAXB,
FTmYAVFm,Q4NmdopD,KEqjj1FF,sLv2lsDY,j0VSTyeJ,AZ3Notr6,
5PnpR22h,Mxj5XU4h,SZ7Mvlt5,jxTHYiL3,58sU9vbT,0sYYn2df,
Zk1sDtyW,0pBYHm1K,tsFAVOtV,hrREs4Rp,mRS0kqWk,PwguQheh,
HRRAGiwX,IlzaqqxM,hpKBNFTA,b941phj4,68FMr9H7,uehUFOFU,
cnuX2lyb,vAbSRuWY,ABIZIq6d,El5h8Kak,6Eh8ZNks,ovkdXf9v,
OSvxgzKS,VN83yilE,UAKTo2kK,vCXqR7WE,XpbdWT5R,GdSctbOn,
Mxf8zzQ3,bNt1SnDP,MO0JF4yj,hpuJAg6k,NlqlUgo4,2P3SdGIX,
sGE5Kdo0,CQJa7PtU,bTf38B58,r60EMGzc,neh7rE71,uQ9BECuP,
wJQCjUKK,0KmLpVXM,7dRwRXxl,NFVphpeL,63npX57X,QrIflEZs,
ROZILu1x,9WWpj98q,cwN9zV4p,kLCFpz6g,o3W9xVGF,SB29KazW,
El3ee5By,QccdLir7,lnhQhVt7,wvgeEOai,9bunf6V5,i5h1nI9G,
4ovljYsO,uG28uboD,kT0zXUDf,ZUelAn1E,LuX3tnRV,4R1w2pan,
g8Wd2xq0,rFl22kEO,PARgVGbZ,xcuyzETQ,MN3NluLM,96M9opVd,
ZMrUqCSW,MmsmYlcI,6dvrFgcO,kWWJlRUk,Cmf2W5WJ,ro5nJf5O,
szf6NpU8,mOPHGH2i,1fiYifFH,DI4lV97l,ImruMkA6,8pNO4N44,
0n2iCFZd,n3wibDDR,Y5lIpVOx,izklnopl,LpEl4Bxp,D1FODiDB,
lXjIS5e9,EysZURlE,eXZiyuFb,wkX9ABIW,yZCo4QvG,mXGfMZT0,
WQgulVEP,dBYOaEII,Dk5H9Alt,w1IiYzhU,qvpJp3yC,CuoN86vL,
pyqw9LZD,LGTJd8CD,E1m32SDE,m2ps8Vdv,rB1ylZb6,F5NSdpuP,
oOSqHw31,wsuElFaN,h9lC8vGL,ytCJR6zf,UpEzTFBp,734rIccZ,
lvzs0fdy,HPiyVPLO,epl84Uxa,XzBEJND3,ibvhoIP5,w5BpSnd7,
KxdNrKXn,iy11jC4z,NxQceEfK,HR9AclFW,SSJhAGES,cFStiW33,
sRfGvtob,kxLuSqqI,g80QMCJX,iBqyvrBX,jPBMiZXA,vG4l6s4k,
A2bnCUkU,tIqYa0Ur,Ntd5rbDW,RFfW5jgG,jp1WjjOK,1dH9dzy0,
2M3rVEnK,jDEoUT2c,i36AkUkk,5Ztiy0iB,Ml2FXong,Z2DRTF3b,
H7JZ02j5,1LoALE9v,Y9aVvxcu,xNkqqnA7,vj5tjoyl,9WTUB0nx,
7xsD3C5A,pp1OLzTe,SYHanfvu,amnJmKgt,iI4ljaTG,xSuiroui,
mbsJpVez,hBiBjw2B,c7UvfOcM,EG364xor,HQ86LkD0,VVBfpDOB,
IH7XtjI7,XJd2ezrV,nzZ8UC6N,vH0UjNw1,uDZXUF4R,ogRCPiyd,
QvjK8qvD,5wyoj2qL,FnIx2Kmq,Ye0MuwZk,2g2aEyNI,2j6llu6Y,
PMtRuQft,2gduMaPO,qPW3nILp,1PIliMh7,wLZ1BesB,sF5fPS1d,
IYe3GXrH,N703Uiao,37nCkPbM,sgZf71rN,ZFOFBfko,njpfBzDC,
H1eZOnLh,BJuIKTtJ,xim8xEuS,XT7wqL85,Mk4AHOPj,xiZhbrYI,
JiOeWi7S,beoCZvHJ,PKkvy7M5,pJkBaghT,y68smfkw,rH8paN8Z,
vqs3yc6X,Wow6EMYa,S6DcjVII,AO7KAgI5,Ea7cnd8h,AEneolng,
pYrGT9nu,YucyIUDn,3KxqWFHw,i2IGm3VJ,1moVvLnr,fxZWsDhv,
lOThsyLK,ysoUvhCx,D0q7JLyW,iwSK99ds,W4IoCr89,Tu1nMDUn,
Bisk31hl,v74Cff4b,kMzUeF35,73sTGkfg,CHADIPXd,V1PaeSjy,
CQrQvsUA,vmuaFJqf,qYT7MQiH,P6P3Y8Ay,Y1nrrh1V,Bt3gatwB,
pnG9dWQ2,2D5YJDxF,CU4494XK,x0ZIrthO,QVY1RO3S,q6Q9KlNk,
dRmmVj5t,h49Ivoxl,jvmahn2F,rRP9cCuo,rQKn8NOp,RX8klDFC,
6ZMnmN1M,EQVOqpcP,eVcmI0Ly,VRSeuwQA,vBWQoXC2,LxO9V1Y9,
U9vC9e83,61hAx690,H3Q5Yq5H,WTQRSMYK,Vrn3Fv4L,ujmZpt06,
uQ9she9d,6X2WH0HB,r2C6vGQ0,ZaZpDZt7,ODx3PEeT,zgQgexPD,
xrH27x27,H0uiXVnL,yUOmy0f5,g5ksA957,BL8Gg8LY,8de69CPH,
wC13Ch8R,ksjTCnYb,66PmfBkl,OxpX9fDF,PEGrVPge,fy7PV5Y1,
cOnppGKb,da9knKXc,oEBirSwE,qDujGsiS,eDfDj0Pu,8WOvGMF2,
ogkP6Qtu,rVL8m3YA,HecYcZrk,VdPzXuBl,IU8NIAha,v1gP4eqJ,
qCGCB5Uu,iJ1gbAzS,uGFdgUlJ,VBzYPZFe,zjQ8oJAF,sBTCbssE,
87RmZa6T,LFRyCuM9,OBhakRPK,qIkz9Mdf,R2ARcGKX,jzuT1g2P,
PhY76NSw,ua3BXhOO,joDu4lpl,UTeW8eJX,tH5ztV3V,57u2miPD,
Hq7JMx3E,qfyyuiuV,Xztouujx,BNyV4nzL,LGsxbvcC,JI8b0C6W,
9zkB4C9D,nHxr26aN,KBjW4twN,bEYaf54o,CoYEY7gk,MNJMTSxD,
tQxxh3jt,GhBVkFhV,1dzYkNi4,A1QrTo3k,cASuEbVk,qwdJbsEa,
Gb80Zq3x,qTZjf2Es,CuWgDRy1,nLKweoGU,yPSxdT4D,N3X23zsG,
1oUEftDA,co4oKLii,y9NL2QnN,TiOVRgBQ,FvuSW7r9,tvxeeOuM,
ViwV8TJZ,bxU0LtQq,XihTnI0R,bw3qkxad,NE8VvPTE,mNE6fsuc,
KL56r4VB,AYZSt95h,Mdah33Wn,Pyr4ZWgH,FjN7nIGV,EFN8OQpy,
2zO3BIqq,gSudMIVr,1Iwnrcg5,R2bESAcU,80XHGm7V,cz8Yh3ng,
MUBb6SeW,UqAMYKF4,JALpWQk6,pt4GwqXg,kyrooEki,2S3YDI3m,
iMLdD4j2,vmH1MEg4,aFsxjLPj,DQigwjCN,5m0GohHT,DoSn08r8,
OUF5Ftpi,jFxQY7D1,rBGPSnIw,JzTJHlPt,dvzQYW6h,zD5xLGwa,
hc0axGGg,fxXVQNo1,iVRePYto,zzTifqtv,ArF87jml,OkgF7CGn,
wwBls4I1,BBiPZLkA,cXGhg2C4,mQHrtoOX,Sniks0j1,ABQzk87u,
5LMjOmo8,b3AEpmBh,KRBaQTbo,u0VP63hc,O3vAoRHz,VhbiBKAl,
z9vp2FNv,DHiJKzVw,Bp5ZeMw7,1HqCrYW0,7po849BF,QTpyqi31,
F6YUSuZT,bptAlpzr,PVzR4axT,1UprcstS,yrKoWJh5,7JEq8dRV,
6qLayg1z,8r1kTsaq,RSOLC4RH,Nt7TEZNK,nwUUKUtS,lsaeSlCK,
drvNtksg,NA7rxS9S,o2M6WeYh,G9tzs6hD,vMrY7TcS,rhiWarPw,
tBDpPBEu,I83ackOH,4dDb6P2w,6kseLhLd,RoCGXhaG,nbOztAgw,
NRFSGHoK,1OXL6IYV,4yBZPKDa,TsJn2XTQ,OyGse4df,Sa0WQWPS,
vrRi9vt2,VanX8eLW,LrpZtAek,Idew74oC,tdVCGmEB,w2xEegzZ,
GWY9wbrc,mGItI46b,hZLWlpxR,p2wCh3BX,ZA4tLwD7,alAQnE1C,
DMyY94Ox,4i9llIii,inL1Ro61,HHR2jQEX,AbTHfHch,XjDi2VAk,
gjk7Hq6m,7VopL1mj,cd1pTdGQ,xj9xdHRt,19zGAF1F,Bp4kqoEA,
CDZvOGlj,ZsQaaGE9,PbPpQQ5p,e7ICwkd8,XcBJSW3Q,pT0xxCGn,
NvKCkNZy,VHar1lxW,y8Go2Jcr,AbY8LEtz,8d9q18YW,Q6lPsSMY,
0sk29xsJ,IoPt1i07,u9xvgvp6,zKVZAHVy,7gygN00t,nNUo6Vvy,
221ivqo2,8i2IXXe5,bMlYNjr8,5mw9fZHh,1Iyu8Uwe,cwU8s8dD,
UwAFOZNT,jh2ygHOf,pmJvgeJr,IBzaJKMD,emh2l4TF,mTbAAXQZ,
jxuyJbXs,MuCtco5q,Imt4okHI,eSjOQ9O7,EgDoqyQa,2qEePHFx,
36zrqg8E,7rrVyd0c,tEARco2d,PEpCl27m,8FLxVT90,kAVQNW3f,
yB6KY6VN,Iln3nsnu,7713081j,HX9uRaHp,KM7IS1tB,mQCHiYbq,
5ar5jqmY,nuscE8Bm,UH4MIxl2,lWJCUT0Z,3p2kPpid,RJntRXQJ,
EUtkqPmL,L5nFYnC0,MEkC3BNS,k8m95cSH,4l1u8ngR,rBunX6lH,
LGhMf4Fz,bZGg9yYd,RZIYlWNK,vi7sota7,7rSmuxTF,uzVD5TQU,
RwSaqGUW,WZokqyqx,YiRsNI7h,h0SkSIfH,d7RDLLzH,KY0buqGs,
GwStcXIs,YAMQg1xt,7m7S7EAP,CyY5YDvC,9o5llLNh,ly5BzA3G,
Wax3M5Rn,DPsBsVdB,hgVB1GSk,eYTMyWqt,4XwR2neF,bEeDzpdR,
D8qCMiUZ,eOLLIbeL,7IC74OLf,qXSXl5MY,bczWttVH,fEsYPEJU,
nj2r5LGt,Iwq3Cd0L,nzHQ0Cyg,gYc4DVWY,cYnfJ3Iq,x6t7jtTF,
0Av1b3hp,0trBmozw,kWL2Xrsu,xVCPntun,1Zoc1DAZ,41Aqp9WK,
3FM06esC,72rsvTQx,ScHROhQS,jqjIxdsA,TeyXq1zw,3YYxRO4I,
ZLzN3oFm,MW4kavS1,HrY6qwCt,uAYmp24m,OB7PZK9M,Hb4PGWOm,
lMsLg4dL,Eb51e7l0,IsNGdWqS,7uHMov8K,fAvwEIfg,Skg6pB45,
4RLhL97S,DOE0hKKu,kfYWWdbO,vrSS2UY6,LHluRsms,eZstJaY2,
qUWk876B,yYuBSsFB,715YrprG,mR94256q,00I68OFG,M9fCzVbH,
WeDnB21Y,U90Ue4ic,40icOYRy,568D1jiV,vVh6Yi2Q,r2IE40Q9,
07jO5ak8,hsLgL3ce,XtkTJlJb,nrPspDzp,KSdN3xWi,XFwGHGUE,
7exRxe0V,DNl2qSrb,KCYL7S14,yyKfcERk,QmboA9hd,WAfmsGvc,
gsWnkXrQ,t93GNU0B,g9ZQig1c,OgwgU2ta,unvMkWDO,3GuQzsqN,
BpCRED1s,SxJMzaV1,xqMPlpDo,35dCvDo4,00VEDW5t,sMgZW91r,
xNgSaSfd,VqOr1av1,apELjJfL,ttLpCKO9,v20DUdOO,DAfEKKFU,
7hGrYTar,mVQYDC56,F5JxgylT,8AvRj9Lq,qpPpi0QC,TFyxhEBU,
HlsYRLPX,mlODuy1U,VRjcR8OK,Lnf0ZRVG,alCZ6sWq,NJ3fh39c,
UroJxdri,yHixwdbE,wODDex1Z,g3ex6nK0,M6JjhaBN,PUkj5uXC,
iydu6etm,hHUn2ClP,G46WdGJ0,y4kDyfdO,OqiSDJeU,q6gqGBdl,
EkhR00Pw,299yplmb,LC3mlfhJ,mva06nlK,FCzDDp9F,wheVCy4l,
95IslXcF,skFyFZhj,BOWcd4QI,l2DVAGgH,LWa6TkJj,EpQho7AX,
Vxa7zYPU,0qPy43gQ,YqURKE9m,1ZDn6eiZ,Jq4ioRao,gXXk0b8W,
z1MjDVDC,UgZYsfV9,G0r4PBr3,wmovxur6,tdn680I0,eFYFVSOB,
QeDFN4Jk,q5PVxe11,sm7ykOxx,tvcmlYXb,cBRYDyi4,B5X8jZ7J,
jdgE1Nbs,glPCjKNu,lCsX8KZJ,NWQ4TXOd,a4P9R0C7,jrJCbv4v,
7wsgerX1,lN6fJSqT,Wf3LdFQw,4A6f3bKa,HaqUzmTV,9XaSPAKJ,
NNu0qlwu,TAHWLq4r,ytj8Pc3Y,abPZJzHw,kbuIuYal,yRhifkHO,
N0WCcXyk,6niNUZhe,aLUDH4Yf,Uev9wcVj,aRVnMrFQ,PXBJWSW5,
BQIiTEwN,Q1WmcSDm,HwHsYngN,kSuhIokk,d2A6E6Tt,6NNiDrCj,
XkLVFZGZ,R9eyxySI,yqObxFCB,tpR6OtnM,L8Fq6moX,tAv07lHD,
MvMhboQC,OHGC84mU,a2igmEcP,dFNk1uVL,YI096QJS,vpvBrPtC,
PMQbo2YB,IMTHePqc,xojDc2wH,qZgPMKpC,wgNSgMuW,wlBKa1XF,
ngjzhNeF,KvuwfU8J,8UBoG3la,pWUxWPdj,6uTlh501,AsvNkEws,
y6Rc7amu,6g206dka,HbtWerVP,TqAe25GA,bvKgF6LM,lLKrY4zD,
d2xstqfk,QPyRUdp3,Iakog38B,OS0KVzl6,zSw0gLl6,zRVr4ltL,
vL7JOdlA,3jkYRD3o,tzpJjINS,zJhC4Knx,vsghFzRI,T9FIMI6d,
htWybKqL,rGlvqI0U,8gbNQ1vH,8anVQr66,V3E6L3Rc,JaF7QF1Y,
VbLJafoi,nJbebii6,lWc4X2gG,cVM3yLZt,WLb4Yxnl,fyxqQPu9,
KGdHGtmR,m8SUTRmO,AvSy0fSf,OpFCf9MZ,OZEsr0hN,89G2Z2Ox,
xG4xWWNI,lqkyy4vm,4aMta4gh,bUjaW5Gr,LKXFGKnZ,8GwGK10M,
bNfkPuB0,oS9lXPKI,xHmdpJay,pGc8IbUR,Ya9NCKL0,AUjxH4ee,
JAp9hAFF,eRNW2HMY,PVJrEtqe,nJK3LWfv,uFCJdhor,69m7R65E,
1N4DguQB,bACXuSqW,v2FGh25n,brs0vwFv,jH8xbY8k,wLfYBFU6,
FyKUAPiL,fIMKepfx,6m2fk9zP,UNNtqGx6,eh0O6gxl,Zh6bEjHK,
FJXYSvNK,iydIeKMq,1Le8ZKrY,1v8GPPou,ykqrPd95,MnLY5yp7,
jBdilCfl,8nZXalpI,FQ7s1hxL,ChKHP7M6,IZm2CznI,UkD4F0Nj,
QSLQ7hBJ,yjrlodr7,bN7Lnsth,M4mr47IT,XuJ5JiMh,AdCYp13y,
Oaj9CKpm,OJMQOuJL,YqOFJBUh,MudbvhJi,p0r0IQmu,x8llD47z,
tTfau9rh,EEq7T8pj,8RhPFDjb,MCwnFBW8,v9iZjHeV,jF2dNsuT,
hLGUoY58,ACvddslG,BBESiSLC,xONiefav,0QnmOtvn,30AeqUV0,
tzQKpCkX,q7dEmn7k,cuGYV9jY,aUbyM6wf,DnZ2ZjXn,o9ZKu42G,
wJDsSWo0,OzxAD3Oe,oNfl5cIt,jFcOJesg,V5GO24MQ,CjrdldqJ,
0F55PLx9,rJX8VpoR,v2Dv7plH,JKS4XiLW,VQZLCuS1,bP97cwWF,
yzaDYuiF,cbH8rt2n,hZ8Ru0SF,N0KXwGD4,fLIcd0Rq,9xwB0wYf,
v47Z2XFN,XnKt4nyh,7etkcjIm,OeVMKT1e,V8dV6QI3,esvgO1xV,
fZfpiYL6,aGSTxR7q,0kl4935n,uyDiz8bO,7qepmXtx,Cjo7bvy9,
NRbWTghn,PSDm1Ob8,cnwziZ4S,js0sVwBI,nMDe0UzN,NcaMYjU9,
EqIUoKNF,aN75jGNE,qoRojqc4,BkQxBIGd,7m7v6Uag,HfjYV5Bj,
tqHKQROr,9CZKjDXq,05V6Z3lF,iEBbJaud,A9Xp1KQa,kNTDpQ1p,
TUvRXOud,t5mceOnO,YjdX127l,N0XcPWzI,R5xOR10k,5mvjbQ57,
9h4ah9u4,apfXlODc,RbZHcZ1f,juwslCzs,RDB8L5aV,snQNatYZ,
CVGNSI2b,azEv9bY0,Nz8yCgr4,EhPOILNl,Gu8ya8Kk,HmOQvMQi,
jWOTdfXP,uKDbwowc,QCL0Ktjs,N7giR5za,Zn3aBYZ5,GAecXKnN,
k8M5z5vm,cJC3ObbM,zcWaaUdQ,us1raodv,uZy341ne,KZhxbqjI,
CdQK71AC,tz1CXe7r,bDufEPrm,PITY6aGI,ousvv15Z,y5BwhGXt,
hqIVdaf2,Q90VhEDF,849E3cBB,ha5zO105,rGYEQdFF,kDyCi9fo,
dm0ezBQO,JTlxUlCj,2yWQMBt6,e1IubYRm,iRBRrpEa,iZGdjiwl,
Ps9B1DHe,CoILkx8C,pHsQ46Yk,3ExmV2FK,sPlsq0G2,omOGUUjh,
BL7FP3ZS,IvdDvSnV,FGn5G163,oSJgM0xn,JC0yFXpn,qCYVsjP6,
ZcbEcfFy,7mOTnle6,VcDAa2Wy,CUs2eh8b,riNDvsbD,PXuagHeb,
TRM1RGyr,A0sMhyYG,OJkkctVZ,rp7H4lRW,bBX0hvqP,tSCKoyrd,
hJxrcsoB,PvhSP6OY,HJYYdmLG,enrBTQOb,xlAJLZjy,syofEcdl,
Wah9w2PJ,oekh28qz,r1ha0yGq,65GKfT3b,1iiyi6fG,kzWlFmU4,
n9clHQMN,Vsvbjykl,ODR7H6LZ,DHkg4dkp,muL4kxRe,XlneRHzG,
iqLZuwZ7,ehnguFFR,9oVuTKIO,353VKCB1,1mYtQVB2,dWiHCWwJ,
ipbc8TYb,W16FCFGD,ZE6QAFQL,A7qa1XTj,m5tuWsER,tKw5oaGn,
MLbko25Y,9w8at0rN,5VgZlUQO,CmS0uymh,hxBGxHEE,dLMELepO,
9FNszEga,Y6atFuKU,0lAx0dab,YWPJafxh,SiJqWYAV,4ImHd6Cd,
pcIqpSBl,Np4XCzdu,QWUMSuFX,bZCo5ezt,pfTM8s8T,PcQrK1UA,
WMkOfYJq,XmO1yluX,AnKGNSzD,2o2KpUil,HD8WzRkw,b6xKr1H1,
mrG8hfJi,DL21Elml,Wufvkz1v,Fxf6wV5T,kL1C1IUC,tUD7dYq9,
qFEKeEgT,9tXFo3yJ,OxjNfboH,51MjZbqq,Q383FmWO,QStcV0VH,
xctLnRqt,QaKQlaec,bmfQJ9Ex,18JU8FAD,P3mdSMEI,XowiwKsI,
5HwMPbjO,h2JpFh0v,inIa9kS6,Gpnc7PSa,vpWkyf6P,gNcT4com,
z4wJmnN2,K8dRY50t,sWLYaRNq,FZhJcG4J,IAq5Ve7F,mkviovJO,
ruNBkyZZ,yhGIVIpB,hQEc4MSo,4nFqSodh,R0RbwO82,5MKYv8AM,
YeY0YOm1,b1p1oChf,A8o7Uw9Y,gSWL0uvW,HuWDgiCq,k2rGEGVd,
MhiHLpF1,fzNf4g9J,K5m1oZpG,1QmDvfOh,w6WhwBiL,b3Zdk8W2,
ei1Cfqgg,fCSIRGZl,NWAhvS2E,U1Rc8Lcm,4cWhCcyP,MoxB4vWP,
pw6Sm9xe,8mog8BAa,NwrnGXbq,lI1obVdA,pkrKrYYx,inMqWmyJ,
R04xVfYh,WXF7TQGg,870x3X5l,iRKebiV2,gZAadwr9,r4giSUz1,
Zzw2uzmM,q40CkTCB,RaJ4G8d6,cro2kX1j,vykZ7EMw,IK62EIBt,
TkxxsIDC,90FrXELs,c3siHcMp,WSryy31p,nwVQewsm,w5NuKwUU,
zkcgwWDr,O5Xl6XKr,tFhIcI4G,LPavm3qT,nA8SvLjj,OgCUdlmF,
0BnahpP3,cZwy0Wqo,vyg0hxh6,NSYZdiEb,UZk9m9cy,6J57Dvv6,
3J4igko3,cn0pFCyx,BSHX1Rw8,yzfa4Ie5,rjnHBMIN,7HaKjIgT,
BXOAMiGj,RTtVBF00,YmFz6mkd,3uVkbbdK,60kTiZaa,SB5sg4sf,
q6Mus5Ht,xANIMZsS,ZLJhKTpA,uv2LxtYV,zIp1N4ul,Ef1qcujb,
d2rVUQvo,jy7Q15Ly,M8zzc1SR,gUhtmyCz,z1stSXP9,tXYs0J0M,
Sxk2ycTN,69gsHQZe,SrFInvRQ,qPhqxhbn,PvplFh8M,omc5dai3,
BXLWsANS,o4hTjsg6,VDqASykg,Tvk4FC7e,xQb0qWQM,Y7FhxTms,
vM3nknCb,SWfvwmK3,cV1BPQlN,V14tUoVn,aWLtinEa,hUGNeoOp,
hQ06GlTB,kV2dkWAu,SjXaEAjV,sXGGlv5C,j3GXnzwH,uxUOtthl,
MeurMNke,K1V3u0FL,2jGpSa4m,HZ9aqquc,CYDpLWDt,Xwwpv9ax,
sOWiY0CG,XLQn9kyM,g9bZ5Ms2,hWpM3xjt,ldLkbo07,7Osh703n,
acnfWNgd,IFZLdgfw,rYQDmOIu,BaLI9M3j,YowSaK6S,o3DzkQ5J,
PUk9I2Dh,bmZk61B2,p5VzQ1rc,23LmTO6G,IqQprrGC,MEWSFvV4,
AQCoP3AR,4jcW8gCO,Eqb5SQFC,uzu74n9F,bL10NAQR,T2NZgoMU,
OXYELDef,dJkh4uUg,fUg2u4Sn,6Flk15fO,2dqMQFZ1,okjqObG1,
5V4zZUV4,xeozjDnj,ON5Dq5EM,pVdb7Tca,OeKO8DSG,Ref8SArE,
lxhMCUyZ,PLaUDm5r,BNfHq5nf,kAnaaMOu,j4gTWMQJ,w0E9lHAU,
uOBSRZ5b,xsjGe6aw,aon4aeNE,crNx8mpA,81sZYx9v,XsbayjEG,
H1KQdysq,XgV6AlEI,k7HiCQLy,jVIPcmwU,lgIzOaXK,oSQWduEv,
zkNa8xIp,qqfCKLu3,ZaAMlxwH,omEzOg5m,ASwJne8N,Clok6Sn6,
3WQmtm1R,GDrsUuOs,kk9Iwgt6,BRqIIMMJ,IC39Y4ZC,Go4AST0c,
baSGqmM1,bbHTXrAD,1DMXGLzm,7EUZvUcE,24kqo5qA,g7rbx2Oy,
Dyujk3Fr,FzpaszNs,D7T0ajAq,oZzV1nsF,WWWeXCDD,92LzBy2d,
EVdOcLdA,KMuKaUn4,OjgLTTo3,UaAtGCEk,vP9HAmgj,6I3eCoiq,
HybBqyCi,GaJmNoHg,bOWK8c3e,U4tuqJU7,g3GEBgUf,rDCcZhqb,
3mVbwWnq,YOUowMtM,QaopoiFN,VfZTuq2x,KXGhR1FP,QybkkE48,
MswbIbYB,oWuSkwp4,r3ji4Z5S,xecPTgYD,GsOoBL0Z,FuRZ1e1q,
flJjkMcP,1oESDAvj,2iID1ICG,arF9DGAS,1hcj3m82,INSlnmDq,
El1D1Ejb,3WlHCTzC,aJTb32cM,N458oIw0,1yD2cWcd,QxUros3y,
9UJdUVZH,Y4OmLknM,SYP2V1gJ,w8aUAdqI,69V03SGZ,WulFMGsD,
FhFygThK,0sCyD2gH,9bIc3mbY,QvDA95dM,kRkyKAiI,0ShBUxj4,
J1eKloG9,RiJ0nXLG,M5cuDtdD,lude1wgI,vurQQ7ZH,pIGLDrpp,
uBU627Ho,zUCAqShV,kGJbNIQb,puU0Vhoo,SguVlbhU,4RsuHJoZ,
n7abOZkb,tc9ntxJl,Lbe6mt0q,itTZafZy,m7H84Zhy,brTEWAXI,
LaO7DNwW,gnToCSUW,0z34ykAJ,JrlG1jmM,t8S4VmY9,HSyjKqdI,
0gLwBjei,JzWKSivj,rlomHmwm,e2FXqSDo,7oVIG7Yp,GV7xdCOC,
VaXAvrWH,tBERsigz,E9fkedHS,6PpkpcUj,mRTRiQzJ,pbBPrPm4,
WzmaN42R,RqbgA6zW,VrMefjXE,uwsUlOYf,okn9mo0d,Oasoe1i9,
q4nFljiQ,PKI9yGoU,YM1la2wW,aYioYyvo,DR4YamMZ,4u6A8vv5,
fwqnwUjG,Tz2R7ydI,pfFxBpwD,UBe06J5j,dtGKoXof,wr6BXhkm,
xXT6mnKe,YYf2FilS,MZA8WXnq,mr0jIiFf,fwkBR4QO,03QFlav5,
94b41yun,XsGGKjTZ,NdBCfpqf,sfULpoPw,s0Arx3Ou,vsagJ2du,
fO6vbvIB,KDn71cDr,ccSJdEcG,4mUNm8fA,Ul56QNHy,o2FnchOp,
rE6Eiiim,Dd7Xlmxd,GAhumX3K,ZG6cVSzm,xDYPUhav,uhsNC0Yi,
AgMWdNFa,sLknDTIa,vGYpX6Sp,nkaZi9fT,p0NALsId,b3zNWhVp,
VTMRZEgl,Zpifyw6V,wUthkbtw,e0j9feya,6l13ZgmW,DFcbbi4F,
axUvIlZX,lg4AsCJy,XIAVWWPz,z1IIiMnq,hgT0BSVX,6ZvzBe5x,
XFqTAfr7,f9QvUbVb,rPb3F4YM,3tjDIo8D,2yuANVH0,3xvXJr6a,
egbTk9Dm,DWXjj5Uj,BoToiApj,6SgNjkVx,A7pVg0fR,Vcaeh4xS,
roeJYB22,ugPLALhb,SE46EjYz,v6LK9gAA,EOhBohDQ,vtB3cQc4,
uga9x6G0,bqKkEkUh,79StotjT,UUW6L98d,nhkTn1Ty,pCQ3UIk1,
RaufCL6w,E3BnaJAv,0VomUgSj,SJkMpFMh,Neup0zUE,CvZKczdb,
uCvmSnFK,4YuuBgJo,vbMtKG5k,942lDgu6,SZsIl6qp,4SRD9y1C,
KN5sr8NA,cPUP3oTT,okBJoZ6q,SY3Zw4Be,QEHhMsQW,fKLj8Dcu,
XOdlLkLD,gOCKQbZG,NEWz6Mvl,ufCCQP5N,Bi6mAPYO,BAzrKw6x,
805cKyxe,LaOBXTmy,cqUKfSzQ,r6gbCkGK,kJW4irg3,z4DwYX48,
oXSDPpse,vGn704Pi,NJk3bA5I,EIdCFfK1,cBF005ew,LABJCrZn,
8jrhTw0v,cd8PqQPD,puBqxNUg,nvZZUYn3,hMi8iiDs,tJfUy4vX,
w6l1Tfhf,JgeBczCr,lVzDbb3F,Shxoj0kO,6FPXT7cA,nrby0MZm,
HxXSGZvw,e0Vx0dj6,S92JgehB,Dt9Cd7WU,ERKkQgQ2,gJyhWRlN,
0nueCMOd,dVPq2LiG,D2YriNsx,u0OpR7cQ,vE45qQiB,M6ZOPhtq,
kpSAci7F,iT471eXu,S0zhQPSA,VQpL7Qbp,f1Ysj35z,X9HWnCqd,
AXupMlZG,bopgeAEs,ACSRFXrA,66wrGUEh,R9GCsFiD,2HRefvGN,
7yFLv4lz,8Q0OKD5C,MLeeruPt,bEFoamcf,UP0oRkXZ,aWNUzRuj,
CIv1aksj,Y8I6uSmm,HkKyEIxO,EiHb9buK,SZL2jcmf,k2kMUE8B,
YT7BzCpb,S6m2iQMa,Pva6HwjZ,yDLqhSZe,J6PiGcrz,jNBzBlHq,
OPwumNtS,rdjI3iWM,nJ23WtAf,gbMPurfh,gJJAwcrV,nICqYycl,
gencFXpT,7bIzAVOO,Exn9IM43,uGusdEMt,R7Dw22o7,b6HL2txE,
1ULJEOM8,sezDRj4I,qHcqJAyU,FdFFGbhH,33oIR9Qj,nnVcGZU4,
H5vqD3lg,gYVW9dCb,e0T37Hkt,3fFJfyOW,BhmeiFvy,EosLz2WN,
1NQ8v9zy,offDN1xo,iUAyz34b,sxXZxRNy,FBF8KeE7,tTKeTgAb,
a9KHcMRC,jOCPFnni,W2qFf4MI,WuVPKvYS,CGyPtprK,b1zQmV7j,
VxWaAIRw,aMlTfhLS,YhFrG4bR,6LGqGNJB,iFKSlBmu,nFnAX6qV,
o5m4avUe,eAESlmsD,ZculNON8,uaIpg7kC,cEFm7zAm,7deszG3y,
SvRDkELM,Osb3ztDJ,7i4eRCyY,PLoorqVi,VMTdrDZd,3aeADSjI,
8nVY0rUN,cjcEJ7UC,RNQioPur,YI1zyjiH,GbFECzsP,QCrxHlay,
60RtNlUL,1UlAdBfT,MSwmpY9g,yALfTVNY,TErHXlsZ,fLxqmKi6,
COrZKAdi,bZx4Sk0M,XrtULTRY,Fmp14H6E,txEd7Rtg,O0jHijtf,
JU8uNXqs,kPsouw1X,3F88uBpj,zIYSZr7I,jfa6dBxv,oXRTtSOu,
vVA0wZh6,FfWDE3lX,hu1u5yXt,tOkWF7oa,2Z8wYnCC,AydeAw9R,
09j5Fex9,0R5FYuOY,rUvni5ZQ,Cc5cJc1H,jiNZwi8w,7ba4FW26,
Qxu6DrXf,C0pjaq0u,ILtc1BG9,MQdqKfuB,NWFomADW,A2fJqdd6,
XEiYfW7Z,NknxyQ6j,MKH6ki2V,ifEIrPMo,t4kG0qFL,I1hgRlzB,
5eGqwIjM,WXunKgJd,i3Thtw0c,vfskB0WE,eC4Jinve,iYB0ckdt,
m4IPzI14,Wspxqj9C,TelbzPqQ,NZQXi2qE,48tDPtGL,T5gjmpVf,
Bfq94OZP,ONM4NdIS,jbt8C9Tv,c7OyxKL6,Xaf1YcOK,YAOLLwB3,
G3bic3On,8ATFiFKf,PZeLa2u8,BgRkLrnr,uxHEyvZG,4Tkmw4Cj,
1O2bRwhq,N9Kyy6X0,DEE98CPc,v9wZd8gf,XgoMNGcy,NU4lYZlz,
BXIJzyT2,HoZTwf6r,wubhalNX,ePgcOzMp,xs740Y7G,m6zRkFgO,
9q5iLQdZ,Fsar1UOw,mVBlSI1c,MA36diSm,IVCrLQpo,izPjrEQN,
xp8p77AR,HBWUTOfz,KR1tFqSV,XHdmj37P,qeexlMm3,oiVh58RP,
YQiDe8z9,OMv7NCUd,Q9IcT4dh,l8zqfofd,cvOqCnzq,72vSEq3v,
xLFqOSI9,YfxdBKoL,ddbPyIdG,KJwm7ARC,jw07mGel,TLwuvVfJ,
8owE4KkM,rP9ypY8I,t8OPP28I,MFbfyoWE,LtiPdBCE,qLaNJgvc,
oj0bk8S4,L1jhpgTa,HcYSLAu9,jEW0Srbg,Jbq1hg31,hmiGAcPf,
mL77jBgC,daA5zLkg,UIhcYkbf,FtTdDGtZ,ry4Kaikl,sVr0GJgB,
ryLnQWCt,ntH1a8YB,G1kOhEaI,zzIggYPF,uA2luCMR,5tQfzNPg,
O923LcLl,JtzZqoEU,WGdoi0do,r4B1PofD,vhEhsqCb,R9bfxPar,
ulPKj28L,4IKT6XuC,e9TExtQo,CZC7MMwg,5j1pl78o,PSfUPKu1,
RlEoOuKo,tmtf6Zuc,ivzBAHZq,xfikXMlM,7ZaTrSfS,dI6hHAtX,
30yDHw1e,JhyE3Sq8,PyZhqc7B,UdTzLmuO,n3q2xpfg,HNSIDiPt,
QOIgZPST,1JrM5Vzq,WZrroGF3,rxM5PByF,neUm3Ke4,tFPwyoVt,
lkUH0ALr,7vwX62At,gsQia2kD,H98dv1GO,lzwl9fKe,KfbOhKfw,
c3Ol58YK,g4YJ5Cyq,b2JkfuzX,JILYqYuB,2gW7nSSB,XOk0qQrA,
Q8S3Ap0j,8JgwII5K,Z1PkSFVP,tdNU2csQ,lkUVKUdQ,Ctmi9s06,
rPqjvj6Y,vUQv6ilr,Dfln8ybK,Zx26X2dp,PBIiTPho,J5RPmcfX,
sAiA6ti3,Yi9Wiml5,W3oPQFbx,I2l2eAZE,8fceIuhH,KqB0LW6H,
XuuO7FjP,FEQTeNym,3IyJdNoV,cZWXT2CR,w4DDJWqo,BgfN4L85,
uGOFsbAE,awz4w9T2,dwDWq2iZ,gxNihVnL,zaqZl0Dt,vcxZjo0w,
UDqjDIiU,e3cvYAgw,IEv3C7w7,h25Bq57j,IwCkeSeq,WqTSY9oG,
LSHoXcte,eyNCDTTk,pvEBoS2i,gVad3xTO,nBakNEwZ,ckzOdt8C,
YKbkAdAQ,7L38iVUF,u5XfJtcT,NLH0eNAb,xMt7X4W4,PZa5S5Ik,
aFzR8LKW,xqUJdtUL,fmScqOfd,MniCsYXA,DwrLgaFL,yAuL3nug,
Hlq57DiR,1yurwr29,VrS9zyU7,8nR9Ilpp,GPuMtKDs,g7TMwVTq,
lLzUhs0p,NRwvaVSR,JkBa4eCk,kt4QpVeI,EOCWeCj1,rQwCJmrq,
G2AIea0y,E4n1XBJB,njvBUPCj,D6VmskN6,mlOBwO78,Qu7L4Onp,
5Q1ZFBhi,GcF6xqdR,LZqfMwlA,Yqm2eHsi,xrhd0wtG,J6LeuY3g,
VstHYNiW,dCXqjnIQ,OX1Muttb,zcn48qi3,QJJOuZJG,BE6U1MIP,
HIz9b2kI,cFKk40mU,I5Hc4oSF,2Wx3IfQo,Vpx4qSLC,vvXzujuc,
m9mqxf3z,9ACQNqeJ,PLNfByS7,2NGu48Gq,h2OMfRlp,rVfclrVb,
cHoMdeRd,1xH3ElrT,ofGB6ZYv,TbIeCBnN,iKzuYqHY,Vp1xKtr6,
G5GL4EgX,QWaqyvdO,fMicaYa6,l9B3A28h,5O28qg3e,ddFJHSxU,
DO6NMgR5,qr80tgfx,4hFtyIHJ,UmsBdXvQ,JCBtQrye,SHfjVsQY,
Kvrgc8Z6,tpHGkau4,K5vBu4Nm,J0GEtuCd,Y1raaqeB,NVh53L7O,
ODnjFaFo,bj0EMBPK,CgSKE6lp,ZCu2lCO8,d9rSi4er,me58PSQs,
8IaKMw9L,6BLqbyyo,HZeZ3sqn,FtvsllSr,13bNziwD,Ui35QBuv,
AGtC7RZM,ltcEM54O,8dzFw6iq,mmtcVXFw,C86JY3tj,uFVhKX3Q,
bCtFIM34,6we1sSv4,YzLWBed5,T9kC4nqd,0USGETJI,qXHSNbUM,
KFIlTWpK,3Jk57Lj5,DbLf5uVt,qCjdNdZw,QGPJAerD,WMI1vZ68,
9RlcmgFK,QYXE9VaZ,zZG9c7K8,Rs9mqdsz,4NLo1o8S,m4wtXEsw,
B6FNdpT5,P0pfdSMg,FxCHVLxf,N3IKF8gg,cT2qgTt3,SSh5K3jo,
BW3uFAIs,BoagvouH,hu5vowyg,nPj5TDts,xuUc4ACF,ZMTuambp,
QfUeLqs8,gMe7nFxU,ap4e0GSZ,sJrA5AZU,PT6BhzHx,jTCEz7wJ,
xAVveLsE,vTeytdqh,4xQl4xRl,rtXYztH4,1Azdm1RP,S5ljiMAk,
hqFlWwEl,YBjx2YB3,y8gU97HZ,a3isNTM4,hpnbW1wS,CNpELYFk,
6TcdYUc8,VsyIjiMB,H9MBahtK,4SmQO18U,Sk7QchY7,KuP3MBCr,
In3QEwAG,nUubTC4L,V9B7rxf9,Z4aLENdm,8edKILq5,GVfzvjjq,
sUyRqL0p,N99rWkM4,yXOgGckm,5zUBQd1g,5x6vi4T4,d2t7kf9S,
aX6R8qbd,X3OLgO0m,l6PCaGGo,G7v0lFSv,AXkGnwUj,zG4Ou48O,
aVojC2Hi,9ajuN9Ym,6i2sMWLk,BN63QeRY,9dhJfW2n,5jPSqNev,
4hXObG6M,rcOhoDgy,Rvf4qhpv,yfnZ0Au4,PpRY3XJu,8xKwaY21,
ti4Tztm6,II3HixL5,UA3XyMpG,j9au7dtz,vvs2ZN8F,vbmNG6Qy,
GTvcGTQX,21raeTJJ,o9JlWQZp,1lcGr0e6,UIiAz9xB,aXJmOq3a,
yMwuCvUC,O4ge5skX,8AvHH0hP,X0bJreUZ,ZorBRjbD,mrRpS9m0,
IRIpRXfN,XqumDmjC,KLdz2ndm,M4LEc5FU,UlhKiwvd,VZAymRa4,
ClEDIPZt,RJ73MKVF,3dpjJSxC,P5a9Wkex,EQ8kF5Nu,MVwzDreH,
CB0krvWg,y7otpC03,q6o3bbxY,43xItJn5,inpJRmXn,tlQQVOUj,
Uim6rS4w,Tzcmgzqw,UPfL9a9A,wXrpMlJG,B3M2VOwN,lI9Bhz7c,
nkVwt27X,0ymMR3ss,7fs01ZNn,FVWXs29P,k2kN5rI5,X5RM8jed,
wEewB1Th,WNepNlc6,nwRsVAxQ,DoCLGOZc,tdI2czj9,lxw6QIce,
d4E8CcZf,yzYeoXpP,85RjDbqY,GW2vCfJP,hlWTxT64,s4gO2DB8,
JrpmAPig,LkJmxs9M,O5DjWJln,OCbOfLUW,ckgM9w0T,RKfmco9Y,
sKgouBJi,bT6rEYlQ,iCCs8CjX,mwkxSrtk,bHHDjoVu,hZTVYfLe,
RlEXYXVi,tdNmChEL,YjpfIiIZ,izTeOEqD,Y5zW0ucu,FYOhdq2b,
IppqI5nY,EgarTA4R,DDLE5X8K,VUZ8i0i0,pFq5KM3o,2dPTMSKp,
tv3xr9fk,3frkdHkC,mJI4vJqv,VepH674x,D842hkmj,xLBKsVmM,
E2Q7KfBF,tYkz5o4G,w9IMt330,OEKfx41c,5QhP3Suw,QO3Ua7AH,
ghrHisF4,4pjBsjLx,73kaTOGI,AHAKO8p5,pOMFgqKi,P1UfiDKn,
E4xyQbeo,SO7FWwKk,juZxUHQI,HIVZlGn0,ISwz2IVS,u2xqxfIQ,
IGnAlbg2,Tc0dQlby,dH7dn36R,3BfARYqx,EM7XVo0P,y02olbWw,
S2Kd3O46,pjFeh3LT,NRRJdPwL,Pw78H1Cx,3mK48O9y,5OKnPueD,
l3mwSSfF,mmL3noAp,KktT6Apb,m9wcBLNW,O7sFZHkj,14mpsWMa,
ed1kOqv8,y2k9L54x,cucbavsb,zOy1KkbW,wdgkBKq7,MLfvQj23,
LfcVIF5f,rDeaWp6s,AnKa5afR,TumILmJx,zTqhwtwY,7K818crG,
x9OCj4rb,wNTi8ANH,tbZ0FtYK,c4LigaWO,jLqANSLj,DCBJcmrE,
yqEdRAX3,EGjSQgE7,Z3FMTr5u,1FecZFQx,3uIU2DWE,jfw7t9cs,
cSc5jgzi,TNuSskov,M6oOKks1,xX9Z6lpg,bCluSSLL,GdB6yZAi,
4W5OevPL,qWIwg8Kr,K5UAWFjC,SUGoSeFW,aKKofx8G,sQaIYT9G,
Y3gUGzux,s9Tknygy,iYUwt2aV,RiDNbLu8,MI2rgvYG,ER0ZoexG,
asaDskxj,D87OTzWE,hX5vq1b2,S91gnxVv,X57poEHZ,KOLClIgA,
Dj61kf3a,p4pKzigw,llWJXDIH,pujKaxkL,QoM8ENj1,PGLpYZVj,
iP1fqJVP,bcxjKQ4y,cOHQzYPp,EzMCyHTP,vU4VCXLN,ag5U67qj,
W77t5XSH,wEj2kbRP,5UKHRtt1,KyTOFk7z,pd3t8TaE,ysEQDuFI,
mnqdPRdx,p4l4orEM,CFfKyno4,P0Ussx9O,Tx2IoddN,hwPEXrqz,
4FjD2FHQ,EAg65pVY,UVEg6R1n,oR1jgrRl,48Y5MDVq,bbuhznfr,
iSIoJJK5,ALpPbead,m6i8JbwV,l1aUopjF,f11ZLL2j,vp8GDgR0,
ma66lDZG,C9y0wQDM,RFJAoLUT,b0xMfpKB,xRFSsEx4,L32gTE0J,
jJjFsbzB,a4opt600,XGRnimr4,nsih6i0n,Zh2ptB1D,En07t06p,
EVMXhcZE,EhTIxR5w,97TCHUdl,fdqJbw6Q,pSNG2MjG,1coy4r2d,
xVNeOYx3,9XKksQaR,HVwJHPoG,ZKc3cceJ,81VUXsX6,nGrNuBD9,
v9RaWfRV,X3X7gbQm,bJg89bfx,PGikfVrK,2iVWvKQt,LNAZYpj9,
8xigJvLw,b3QoXg7X,y0U4KIvt,v5ttsMBz,kRP1mAxv,DmTyC0w8,
0oaI6FcB,JD2bnBKF,sxEO7cjJ,wbh6bLea,9pQd22ML,DNVZoFEP,
djBitT1X,4h3d2fla,CclFc8oO,TjNfXr48,IEqbxq6z,H9KHn6PZ,
gbCqh1ea,k1nftsn9,6MjBcp8R,zSwWWmTc,vwBMxPUP,Rh5iHqrL,
cIkm8sdF,jKzf4sqz,Y1jtObhF,qkV6KlRV,3ahbCtQT,bp9fQxMM,
w5gkevYE,PTKxeAsi,KIrk9gek,FlxtSjgm,mwEyZCcO,uVlIvMYd,
soxBELTh,4qLUH1g1,vVzuvJgZ,CBG7lCiN,0QoEzhUE,FFymENl9,
ISBdCRbe,qRkMtAxu,qW6Yb0AR,D6bhTvoz,nZLZOWcd,NuXe4uIt,
oNpyLXpp,3yGV35sr,4doR7y4S,0175vNwS,ATqmQPLT,lpMnufOx,
qaoyJsqJ,rxMUjgMT,9cdZZWRl,mDGQSslj,CJPj9f1y,LLt22fT9,
s79r1YKn,BqcsSxJt,fyMoLLXu,xowxDoG5,vNvuLfSl,E2NwzuXO,
2KbLt6eY,uIv76abz,XE4HRW2v,WN0vhXih,Fr09ve5Z,VB41LdBG,
RFlJzncv,8cYn8gCL,FDSaPY7K,zaMinlWd,0iUxD62K,hY7pfKaS,
l33aZ8Vy,iFOE0KRY,0LvEPvm6,tttGbExw,FAHEGAaZ,fYDdGs9F,
dCh05D7y,6AdicKOP,ittY3BVg,xwtcYAR9,c8ahLfOP,P152JUP1,
ljXpSRFq,n7AkHrtS,xB9iQV5E,WbED3tCo,KALDrr1M,wB6b0y3x,
7bPY6SA1,3eC6Hfts,Ne5cD4Y7,F3jDBkaG,tZEAPczT,qbX8oqAb,
DDngFkoi,nFVWZ5Ar,2d1RpyKQ,HIY46wfJ,7BYMTk4e,ZZ8W4In4,
VmVlSGbA,m7CqBRaG,q6sjquvp,rDjtmHxf,1sAU6Jsq,Q4RpTZ5i,
5vzvZ5So,GbR2QmgS,NQKTAcko,ebO7aRnd,nXIk2AJI,JyJATZqG,
NazlmRKA,0wF8n3lI,Y110BIGj,gnT7khN6,rlrLc9jb,FYj1ZDHX,
EIVeqAxF,VoMgFAk6,TLP3V8ey,4wx27fZL,XTXmts1o,QLCtjWxc,
GmgBuu7x,YFz5UwPP,pMbQfad3,WNxfI4qo,rGXTa4q9,JXcBu1rR,
OAG1LT4F,EBSmGiK5,YHY7Knet,kq5OqwEe,4kfNdjqR,TjczzWEw,
CABmXNNi,bS4BmIPr,02cbkD1d,WdKt7mZJ,WA3UlRax,Je84VWtT,
WF5gi6rc,j9GqvF8s,ebkz2u4K,GdOz9ht5,WykdEJpV,T5loJrOV,
D8sDCxnh,K9ORohUj,NewpYVkR,ZEdI52BI,a3kLyH0g,PO7d60wR,
e0haUBZT,dbzjd8Zl,9j6IZ4WO,T41X2wOg,u5poFmfS,xMbKS962,
saIrdEd6,Gd3IJPXb,VmyAGLqe,yCWoJ2qb,b8BoNOsr,1taIi7Sb,
rqJ7bajH,Kg6tguCp,DdNo0dP1,GXIZ2A8t,YSz92SPM,8TdpnPOY,
1Ak1N80s,5Gp8gxze,p6mpZ995,2msnafkb,PEaAK80O,PpU3Vtgi,
ACIxJPCL,c56kiot7,3DFLLEzy,3tCWVSft,sXYbMAUW,D0eVpH0q,
iE92iJAj,acg32tuu,qsFa3x5E,yjAV1yjj,csls9UKi,60l7tQBR,
ifZjM4Yi,owbn4uEh,VYH2SrkW,pG3QwDHM,QH6CJ2T5,y4sCx7Rq,
3xsVYNRo,tTeXwUJm,zNWiNPol,SOWpTLPW,ihRf4HDv,APs4Haog,
VixJ8V2Y,JYlDIaz0,ppds6OVE,EmIjw4Ap,m76s09qH,5LiNTQMh,
fZJjOCVq,YBJuFhS1,oYsm5S4b,CkWtaIKn,GrEu4zU2,aBvNTnNf,
jfCp5EyH,Yub7dTsT,l5lpEfpN,OUAHflXx,AxWEbul7,Yuc9oF0H,
Il4myt7n,mG4z1Z6C,w0eHszNp,2ZyoCz3k,U7FtyMQU,qSssSy2o,
zg4ZNRoN,OXbpueJm,jmPS7DKx,ucZkLZGi,fKh1zEOo,BYN3cupu,
PdmWO4ti,hrA0qhgE,1xFzbtXK,rILCab6Z,oqVaunrJ,O1JciZOi,
vtREVMnk,s8WCj0AF,ovORQfAE,eiPxhDNK,5Cp0oMkO,SfqadYNA,
uBrkQ1X3,hKAznljq,XGqjqJ7j,Yvr9ueJW,QaeEa9Hr,TfYfAgFv,
W4MlNTEL,n3UPhCL7,MXKU7rmY,FidfyRJv,VvQInsrI,vjxKVgSG,
dAAi1UhG,dsULjDec,62Srsj9V,BGGuUwa6,6Jo5BDMM,4EylfKyj,
LqLdIU7h,zLLthUxl,BUqcxaZB,MvX1dtlY,R4azYhOx,2AZhsuA3,
o0dW9cvT,FqVTReRJ,iZgeg5Kg,DJx5d56A,6juduX69,oZ0fbQWr,
PdG6gqkT,7QWiV2SZ,jmcNkhXG,eVTqLQRB,1vFhVZa0,N6jJ69Gp,
uRdO88sk,3lKN9Aoa,53pZ0xXM,BgvHo95S,0gE6o6rp,p9axJyFN,
z5KyCHke,WNTkWYaX,eO3ASsYh,C8MlFs6e,vOM5w4jq,PbIM9SHm,
GIUwbSLN,1y6GYbSt,ZDyvHQTx,1Bh8tWs7,EnDNfpAe,VFSTQLkP,
oSj3IcyH,MNOfJgno,DYbRlK5e,pY7dHr05,ih6YsDGe,qutaIOwm,
LHd6pilM,eqZVQYY6,f34FGIT4,cleV7IfS,oqXNIgAV,GxOuvNAJ,
ODoulgww,BJrIrEBP,4wBKMbDs,GsVcftT3,6hvsx1Y6,KnPc1oZ3,
UANGJr6q,RZA6tt7z,IA1gBXmk,k9ujxtmp,285Lxabo,9LsCexaX,
79bG7v0p,DsJ8W3yY,9BHELT0T,CsvRXDM4,NVJUqHj1,a0a42I0b,
jHQ3AQWd,hp2e3MhQ,HYI5F17P,0hT2XTde,B1h9Sdk7,DkjE6AuL,
ycPcbU1b,9Td6Kpkj,qAtgNLlo,6F0aduUM,EJYQDXZM,OdQzA8SY,
Ijfu3AQ9,dRhrjbbY,U7Ov4NfT,Y5swcivU,AImDgdMu,21Vld6j5,
d5BfRQ8N,Uyk6PPYp,xj2NwMfw,N8R0e96p,eFF3vLRn,ibr5Yquv,
HwgdguH3,Cw2PF6eS,LRVeBKAR,V1WTpqm6,UBha3YbF,vdu8hHY0,
yUd7ENYy,MUpckMgc,lwmosw3V,Hw4Zd2ZJ,UaRxXP5K,KsU2c8fx,
EzT75V2N,r4MC5JlZ,ScuP2xxK,0pMcyZIa,zBfEwgpV,k9xpTRnJ,
1Py1n4Ln,rwxXvf84,PlHjB6dU,gIh7zEQB,smCPomaQ,SFLlTRoI,
d5ZO9cIp,V0uuCi34,FER30ZRQ,FDbyuzeH,CduMqa9l,aCNLURPz,
vFBtEqjj,3uPw23bE,hFoHQy0Y,aNJ4CxC5,abyOBR6D,kV7mZiYe,
WnTKTTG1,Gq3hVDm5,OVRqKX14,T8oQql2k,GV4zOLys,9BJ2f671,
ZYrJUqMN,y8BXrDh7,ykEk3cMc,Mwc1Aj2z,fsg9Q0Up,9tkA6zIC,
TkWWxJ6j,diiNzikN,IAWzBPYI,iggnPYZJ,jUDOBK7O,0nzyFRlo,
pfXY4TGl,7XGWTFDa,xhW8Z3UX,otv4iQqI,6lG8cntj,i9dbNRki,
8gr5il2G,NyI5o6Ns,puBBP2S7,a6gVVyd3,PC65W8LJ,GsO3wAtW,
22vR3oWd,sc6nJhoy,SuDOAmxh,MjijTLfT,OKKR6E2w,R6Rylf6d,
HH1i3yxQ,QP7HymBm,4jbbYbFN,hxlDKrQs,8QI9mdXc,04UyovTt,
O2CMehxv,MS6xjXXp,LDx7QukQ,xcmVHfmt,iWewcLZY,C6tV1qjM,
3OTRgbHN,n2H2h1ux,YG18p141,5yV6WeQY,0HPgTv4e,xJhMKLkG,
plMOkRQp,pLtlXjjX,17dSCf67,WlTF4dlt,x6iRX8fm,RIFM2ZH1,
4URG8VN4,hGJlS3Pn,95e6btq2,a5Mc2tb6,l0KrVxwc,cdy2elpl,
qBrB3PBd,VnnVQy29,yKBtg5Eq,iasvvPQT,qgur53EY,q1UexUn3,
CWvS19ii,jINMxDFW,T9nXc0VA,ZNMxF7Ai,4385crlv,98fFMUBD,
1WAbUwLU,hvpVDZdH,1lKdK6HS,cWxYR6AQ,0a2VELPU,hePUb0zc,
jho4l5Wy,ZtuOx4Fx,dHsPsfJJ,ryBDy8NS,q9ULcQhc,hM0OODl1,
kMRL1Ast,724FaPvA,ZpkbdBns,nmecZybi,k21lBrMG,tQjEEPeD,
cyOoaaQv,w5FtBRJV,RKeqa16D,Pqhrdu4n,0TL81ACv,DhYe8G9Y,
oloyktc8,Rrz4TErU,vb0wJCZm,SXy0BFW0,0jylMIrD,a0F1C4V7,
fUBYuAim,wQl7vh5u,ACNkkeVs,eAuPDnWS,hwPM678A,WtGpJLRh,
nEAIQv83,4CSH0Mxf,ikZns6Xm,xDJgnBwK,d6q4zz7D,bXi9JQn2,
ampAskU0,WEgjdK3q,Quuq1z1c,ukke8Hei,3BRuVJuP,nI8ytaZj,
CrHDZJNt,35FbMTrO,ugio0Kdl,skUVuRd4,iUHfBsJE,ymNigd4K,
tm8r6kLx,EFs8uDaM,wR07hHKN,3v6jIa2a,v8Bzsm66,ZxctameE,
bcKtTseW,XkeEtgOY,onvRICVF,987hslUE,xE5o4ji1,CwD5Kp19,
NwYt6R8f,Zdvqwp41,17p5qI40,cI5X744S,z0lFRsTP,DofaLhbM,
oBRMhTNt,BQqHVszs,sT7kjY9W,mo65FiR1,RGN8AAB9,r0QksqMV,
hRfAQowa,KBgnT5oK,KbQkKrr9,ritUGdNX,42vSo116,AftrkPb2,
Y1kIrMRQ,4iKIvvFy,x8qT9pZI,Eq9XfjZe,ikUJ4MA6,2iOyMr4j,
zsbGS8ow,xwrMPrY5,JTPLDnRD,DDbp4fHB,IQhyYE4v,augXTc2C,
3PlEaciM,Pt9RHOsn,EHTBjV4r,pkoixpSA,cddnpv7c,Yg1D5tYH,
9RisNnUc,FgtaDlJQ,zWdWri7n,y81BAXhJ,Nz9AU1KA,idIVzrL6,
nW0Oc7aL,e9kO6BvT,9Cr1EczU,niNWJz05,t1RE61nk,aH6hhz8o,
cApOKZI7,hv2Y223u,1T88Uvq5,avkr4qPe,Yd2IcKOr,eQpgSrKS,
kQ0clofw,TzVYYJcW,WdD8Xrxb,hWq7l8ZD,ZXQkm5Of,DIbBrmvn,
z8tuz0GQ,U4WgcVRb,RFudLgqm,YCVnWqKv,xdZ6bDV6,HRkSKb1B,
RvMAKdUI,NP4JdOeK,0bRbNKfs,zxkjJmTy,PF6zQ0gD,Nkm06yL6,
IAgvktVT,1gaIA1en,FkXvib73,tr3zYMEG,kS9Cl4tk,iE2SDegi,
wbMMmTPN,kRmiB0WW,Q5yaa2uq,EvhhJxye,Gk00dONv,F9Oe8IaY,
OH8WHBml,6DAN861M,q0MBOx5r,FRFNzQJn,vQhcrCvv,d5gkag6y,
gR84odv3,48OBYyXt,oeDNO8g2,ewmmMsU0,j22GfvJh,EyTC4Q4s,
2HdRQtT2,ZdoKDiKX,lNByikQU,QHxUxzmz,exq40h4Y,usI8Jq32,
bEAuWooN,5THAq2aF,zyHyOMug,ccmTApVM,1ueWQAJW,sowSoExW,
bduZZWd9,8A3GXWsZ,qEThfAbH,YFxnk5ht,gJsdFDmL,dprbkS8I,
w1ZLB8qx,OYS619zh,SZuxCQgQ,eIZyA7g6,8eQHkge6,e7cfeJw7,
GYCjPT71,z6x7bLbh,X1Yiicou,hzKwieBZ,ddg04lZB,pwIAhURd,
TPvbZREh,qmLHymEJ,zSJCdGdA,cWasOZFH,M8RJZv0o,PJ3n5H7F,
zOfKvskF,ms78pKQb,SFUQ8TcX,CfiIUnlr,cybFYtkj,Tqrg8frZ,
SjP0aZVL,eer8BKzL,iIqg9Jz0,9ZgheFg7,W35521Qe,dhmMZTyh,
zWvGF3EM,2S2exgjs,kpxkonzz,CTjBLPQi,MlXpoBao,ucDZqUrK,
hW3DhAcT,twscliv5,Cqt01Dpt,N0rdUQWa,NZN4z0W0,uodNFGRh,
6kf5VCxI,CYVvMRDx,OqCnowmQ,SzExdtMj,N2mIETof,PjIA9l7X,
JHj8dFY4,cAzp3mGO,m2u0USdH,aThjcpeW,4x2ga0km,zTLCdppz,
sTykML1U,DhdPEpJI,VLY5Kisj,abTnBiX1,cvlWekQP,B1FfqmWl,
8UpSbR9l,02GzlBAv,4Tpjcf6N,eJ1E6VYe,Pn4Ycbha,dYKwxiZC,
aoTmBZ7P,J6sP1o1P,L3NVe35p,ZNUw4T8e,g1yR1DFI,I5xJtwwc,
xi7Lla8k,W2O0UXca,YKZXnEF5,JaNaEhmb,zrUSA3aw,5ZwXWI7S,
q7QLJtPr,CABgRWqr,lkhVnsrr,rVonBwd1,B1LivAH5,ahj1dJqy,
4IuraTSz,NfWoJ7qi,99ACJiHR,x0QKIhgM,XIb5A4En,hyL0F9iM,
iQoZ63QD,2HlKWCwR,iHUSJyfY,4ZYH8gup,5SobWfPW,UaGOKaF3,
PzTx59v9,8uQeIiDL,b2X5fK19,SFXDPAEC,9x9eEDlK,59XNsAxB,
AuGPcFW4,kRH7rjJA,PRMtu5cz,f9kHHRii,jW5vz2AR,TfYlzFTo,
uEPWJZvW,8OBQFR8X,Ndsmd0b7,g7qNLh9f,VWcDWFz2,tbS72Y4O,
au8ntksH,rSsc8zq3,vAEpfesJ,niOnhQbp,iiMLCdq1,3ScbrCdV,
cRkp3M6o,5UMkIVJ1,dtKNEbNI,3ZTtz4oJ,UI8Xtfmw,76OQZvRb,
YzWDKJjM,GafdfDW9,j34Mgoil,u4bsz0Dw,yz9ihq4V,Aj9PU3We,
410kphES,lPiTOVpm,swCHWHDw,YKkTNg7S,f5aDkOtE,CLxoGWK6,
skOo1pSY,9cRWrWME,ZXhkLKWl,vtJ9nreP,M0bNp1Jw,cAqDudfu,
8vMRdIdJ,9WQwo2ja,2sVptFVF,dkgGxwaD,ZUucAFTJ,CKdYMw6N,
YZcpC65Q,qjwVPEyO,w016GUPg,C0cnwg8s,fiPSoUGM,eaH1MdOi,
eNoSFb8g,biBFyJ5N,1UDoNjaZ,tSYd5Mvh,xT9b2frd,x2Q5JVTK,
Qw8BOhAf,9ytcjYuO,QBZSRq4o,qUu9QlSE,RYdDfNTm,jkzAi1p6,
CmZtL1Qb,VkjJF9lu,7y6nlXJD,hgbxhyES,VBjGC9Px,t6f6fAzn,
9DIsAr3R,GfmXN0PI,z9mbgcHI,iWMyulTD,WB6w07lG,mICaIpQi,
wdrNn8vD,2f9xB08v,Bc2AkneG,5QOMeF2K,QtvbAYMA,eW7NWgiw,
sk4KGirJ,7fvlSx3G,ZzRxxE7L,yfystPWT,90EPj3xo,g2J9yMPv,
lF2Rh9AN,m7dNWaF5,ajTrkqPA,qwJYjxtC,atrpD2aZ,9nL5xq8G,
H171pVBO,rjKKOclW,FMjiOtgX,Q10mr928,899w2Iku,Z4cNgxHW,
i0c4ts2i,t0ES9GYg,N5MQO6iL,8uzp0eji,fvmGWmYn,nAgugcK2,
iwQ4A8PJ,Cm6ABnSQ,QduMztaU,3opiA7kS,C8WcgKTQ,6XrHkhvb,
u0X4r5Ws,tjK2r2S3,aPdox7fD,4ElpVOyq,MvsdzoG0,Iq27rVaz,
InYfsbSx,PbUKYsaK,XAYuZEvF,2xMrqU18,fZlIacdX,n7HlzQ6u,
q2ZnEs0E,ZK6oE5wS,4Syc4L9p,SOJpCNR3,NOorgp5e,99CMe8Eg,
Ycs0VzoL,m5aYSZZF,Oo44L9iU,jUGx1iOX,seWnMk68,pe4fe4S0,
qW4b5l5m,dKSc0Gar,S4MCoTIL,7N0jRSjf,OmqRHteS,b65cKdDA,
hndDgVom,ImFxcZMY,laP0E3QP,7VZR6Aql,YDWcyiyf,EeKObxMw,
FCujDk7J,e6yiFYCB,ByN8Rmnt,A5iLC2fi,CHzgZGXd,Lvuos6Z3,
EM9t8uXG,AdpafCqS,h06hE3sn,wWJY2I0F,t98BC5gc,gDkwgLox,
JsMlvfJZ,bsYe9YRC,5ZbH3rRj,3cPjXbOE,DBZ6OG6Z,92bgY2S3,
23J5tymw,IcNFnBhZ,ah3WX9W4,95k78c98,eQbHoxd7,J0K5z22I,
h5Eedyhm,EBuMMDS0,t3HPASWi,QFlpFn5W,qI8Dgp0U,1sEL3uLu,
xqj6iem8,RHvw2zqs,hy4vY4oX,u0GxvrZ0,Pg67sqdj,7GN7ddAu,
ME0IGmDa,mjFRKCSz,SWElnPEs,tsAHD8bp,M97qtKyQ,1bHLNxiF,
sUYPJDfd,3PSGX14H,b97ESDsT,O8DBFVf5,OdSxO8IP,XAuTCyyL,
FGnxhQp6,Y2HBVUHJ,8zfUFVKB,ueu6K2Pp,GaVYYi2W,kHwdCbVK,
IaCo3mZx,yrBitoG8,zz4xR4s9,LWmn7h5P,pIdr4aYD,ByT3Wx9v,
6d1Vht42,ppouEth2,9tteDpPf,XGiUerni,CoeRPgRc,DfEiHWkQ,
pL22aPh8,wx0IWlYy,IcpvrfI4,ummbiE0H,n2IyQXEm,vC2rX0YF,
blbCARE5,bZesBc7Z,dPx3N9ng,LpHInDmy,Zv8xkNCv,KPXlZ5kc,
SRfFYAVJ,ZBqlcKTb,f0JxNj2v,6YQ41bgT,0uxZ4qG2,Z6ncQel3,
e2AZkBuo,xlswuHpu,9Urbj8bi,cys1LM2Z,OBZ6crtH,MTdeAAHH,
v8TOe44p,Bxqmjsj5,3gadIDSs,u5H3GoK9,uBVJGZ6f,wwzNWSRY,
919PC2h6,5W9JkUSN,vLw9LAof,4X10OSWX,T4Kv41B9,YLTgDJ38,
txge7Erb,Asaok4jb,83Ec2ekY,XbfASgGl,OWxTzZ39,pbvIfOTm,
RwwRKQQF,15fUjTf7,OLZnK0u7,bZPoLHIA,dfrV5hA7,kNZEGcJs,
XGNFGhNP,eCcXhUxu,9ZndeVkz,IhdntUNp,BB4hSR55,sh2Jbyej,
vzwJvOgb,5rwwmkVX,V0cLRhOj,yR3Inf1S,MxBflSro,hVUDfQy8,
OLUD0IVx,xWfU9eKV,Jkb4aAqr,vk5J8DRW,mLynstUX,p7QyjAr2,
UC64auuE,OznVaePx,YnSoQMlf,RbLaKdcE,NgHWKbAw,IVrS7hn5,
CfrtZNGO,WsYGD8jq,m0m69UBP,P0FXf10S,gslefZ2b,r1Q479tu,
7NyeI93x,aGspHtfY,VAc8AchZ,b72jgvNn,ilB0tCwD,jY00pgWk,
O6qmjIku,PmN4Pyp7,U16nBAYU,wWVWaPeX,WFjfnBHa,XvcK3CQV,
BUgcuc70,70UhN9eJ,OwW97Ej3,9wNa6D4H,xiTZvY0C,WURK16tP,
AqWH4gIb,KwjQ7nvF,GoE9lCJh,vAZwErke,PgUTuA2c,6l0cHvRl,
Stsd6bsz,Js3oTnAI,Csz63zj7,ShjzN8SF,CkQGvgff,IiBzE9fg,
CMmDlDIc,V2LGaCjK,W9qspDF6,UeDynTMX,D6AXKj9D,jSjruCcr,
JAR8euc6,IQC3Ho1k,szhcQoN9,h4zJGLan,jZuvtGB9,ubdbxcw0,
LLaCaYJp,2g8H1h2j,gwOIdoPH,z2R7el7Y,6hyedfBe,wKVvZVOd,
sDTDZJiy,L9FYuKWz,0sLdHnrd,5kJ4gxfI,89l7SBEB,Lhzd2tM2,
VwdDTFOW,Xx0d3fTb,mcheOTQx,anKaPxaI,1ojU18OY,DMaGZ3Qm,
g5A2Yoz8,MjjzOrhP,PBHQHvPk,hZ1h0PBe,UbgSANYk,5fTRHaFw,
JmloQ8J5,7Ik5xVkr,5yhFkfXp,vQgcYVGG,g1449L7e,tqkYlCpo,
8E1sUYRn,O6xLZdpf,fthofpBG,PVF8x2xD,Hw6zvVUh,1r21EpeR,
Tug6TRKG,KpMfqhS5,OYEjUyyT,XzUBY7tR,BHVswG6g,3Stt8lyW,
iadaGL3D,kWdj1E8A,l22PI63J,Wwd4PJY7,SbfyVhaf,dlwcZDMi,
FM7lSa4O,GfRvXPBP,1OlW5t9g,OEsLfe3S,0adSkfFY,twsol1bk,
PueTYm9K,0CufQx5R,IiH0vkXW,Qpkaovub,YJ4W5eE3,Q8gGElvk,
Bbi4vf1k,Clu0PYcN,FeHIsjLi,qZX4iqoT,zEY5UXpw,gTv5PFQv,
TvdkNXCd,WxfdWB6v,f2A9ZXEg,O7jEKa7B,DkVqfwBa,3QnZptvF,
u3MtZoHN,v1rd9yPM,RIb6eMgg,BBd05GFx,Kq0JOGui,HWtOsiyh,
1JofuCt3,cH3fnHM5,7KMTqh97,bDTDVsVU,9h8BRBE3,gIiEn4Hu,
NuldLvjU,8cx1CqWM,F2nvD2yU,IPw5RdxE,FSSqn9kt,lQvYepKU,
r5p47VWN,IqSAEpcj,i2IDb07x,OAt3ZbVq,gismdn9W,N2urpGJF,
HpjSpopc,YSfX18li,qNCBaJvW,LXn9E4Oj,t7bRvB3r,rgoroJJM,
vjnD2TzM,QVVsZJLr,PXiiwlKV,z6mXO3Hh,m4UnVu9K,n4cmLWNy,
R3PlmxeV,BzQpCxGX,Azkv1rfo,vqIekwL9,xAuU5GNG,fE6S9KNJ,
h5diwqGZ,Opd6TWfq,uHizo6gD,IktP2exk,jKCN8hMV,GY1xUhXn,
WeWikaU0,snPtAmLR,4lFbCr6g,n7NimJFj,XzBfIvd8,R2Bpnmgp,
ITAilGzI,MkY83BpY,9ZbRsoZj,rzGMVXbB,QMU9qtQc,NMjPmINv,
HZkanhrM,Q8yK3IlR,sd1SEP3s,BmfX20qI,ZKQl0h5O,nCyokSgM,
5hCK4FaF,ZnB2n1Il,KyEKNJy9,j5xBVNlY,2YG6BQKB,blBzkjU4,
RwMEfjNx,ml8h6uf9,sWd3KXCW,gdtBwlDl,RoY4FJB1,4Kg9evgE,
ptH8pi4D,vve0QQjF,ehJT1lS3,58cjBqX1,SC9hUbUo,E7muXF99,
XQ2WbSZg,0axBAuAq,5HHXQAju,FFWCj3Le,ULa5B7mB,hRaQkJgp,
qWkhuEJ9,jGJAJsOB,bYHM61ll,Sv9aeozD,iSSMwBVN,hEoZ4cAf,
9f1demw7,PGf22PFk,Fx4b6ZWm,BklDvTSC,7TPlflq4,ZG4ZtJj8,
eljlidHR,w0u1RmBY,fqksJKvH,qzGThY1v,jiOAwvr2,tW1liCjy,
0BYHmtoK,13EiZDLg,UAQq3iqx,epQuZ70Z,JZG3q3Nr,4pH11tfV,
34j6mHBy,6r25z34g,0IjqJ4QL,sxKtY0o1,4H6ooHUs,7UxEVzUV,
fbkXd8IF,Fr8CruDt,9HRvpJXu,Ds8z10sf,9McmUS2y,j8aKDLbM,
t0iQJdin,GqUFomUv,96R1ZRxg,0FZBralS,bBGUPYft,m98Iw3dD,
72C4UalS,PkresM4D,oKwbGJE0,TMInNTYV,WyXOGiEu,A5I3RLEd,
t8maS08J,LP4wI0pC,ynqfD4Je,9pfZaRaC,YxMQvSxe,HBLozaY7,
vpk9r3lz,rAwzpGbn,bVbHOITt,hEPQNOYg,dgpCkKbJ,iHiImu5x,
pfcbX6Fd,Iu3tgZKt,g96ySfha,XxQj1UOp,91y65bhN,ElhUi1ow,
8s40FjbA,P1RQTGd2,FM7KXoxB,JOu0NQwW,izWVQ5wF,5nuY3F1I,
p8slwYUe,KocyeGsu,foq4sWHv,jbtlPs1e,ysz3quha,SrG778Bn,
vZpXV6sd,gTw5mxjS,XRVnlawb,BaiJjS4M,RtJLz9WP,0sUkXcdV,
38gmjKxU,VODeEHYt,8FeIOavM,Ao7yAkrB,qHXJsuCn,gdzUTxo1,
cCHYLdKl,BRR99iIA,0Fhq7TLo,7kg0PEZZ,fHXYUFht,v9AEpicp,
VsN0lymq,SDoFhoEu,3zsXfIoK,RWmgexE7,Zr7iYuHO,75umr6Pu,
GfpVXNDM,JX3VsF2r,48I2CpRH,uj1UpOo3,4MWZxzMf,vPaVsbnw,
h3xRsmwU,DxO2kb6o,V2nsA9H3,WQYmZjRg,mo7MIDHl,8tlsEpOz,
qa0YjF1e,vXAsfrIz,NNmto3Mv,w8V9vKGV,UGRbkQnP,OWi3lYA7,
MWA8ZnDu,tzBYhfS9,UJieAG3m,CjpViX22,UDaR0Mlt,jUpyahH4,
1ZiBDjXd,Dk9VhbVb,O31MPkd6,fDEpSlrT,jJsU2p8D,HhyXqr6d,
v7ZisbpH,O34GnvyG,c0yeoGS3,Vo0mO7zj,cwBEH0jt,2l8pQG30,
EBd2i36d,p4xd96wm,B6Yi4iM6,BUvqyyqc,aDdqGhB6,l9hvdOPO,
SN5W3P3F,Hw5f5tpd,7CBLTcRd,j9GvVvhL,imHkbIXS,f25kvvvA,
56mZgbaA,iQ5blkWB,HETQkQHz,QMRmfmUl,qeiHqsfG,giSzCMah,
o46JSLiJ,xa5LuX6T,cmyAONg2,36BFTLVf,NZYGKfpf,ns0Rn4Iz,
qg7c3oe4,sPIjzDzk,CxYkKlz7,NAX9CFI3,WOdXcq2C,dKWKlt5V,
Y1fJnOQ8,mNhZrY0n,MbiWBkyP,2sznVCiU,ExBZkr7G,dpDElBZ7,
Nh3mCzbE,2J0VjiNV,OoU8O2M1,pqDK1CPM,RS9tpi6p,Z4ljm6c8,
v7gj73iu,rTcqv1dm,RkOgCSGC,WZTg53py,aDPfG7J5,0TutUHOL,
ZA2BsGbm,D2CI61fe,F4ujabn8,5RAZwoJv,YL4opgK2,ikIokVDX,
05e8eBgj,qQhWc0p8,Juu8Ic8Y,xOlRKWMK,10SfA6x0,VMV7Mket,
MIzsVHrq,vMfdI1XH,1NUzSrAN,dtSXL4qy,LZ0EEp4a,bhnRijyh,
4tRUSpF6,Sw1DAs9l,p8X4x1cJ,ixAyO7QR,AFLs4rwU,XwxvWFRl,
NOpkOz14,7ADVHrKf,6wF8Va2S,GxlCccXZ,ZliLUhNZ,PoTuPDJT,
7p12z1Sd,zePLoKLl,516YgSV6,gMA6qkXv,HZye0qrx,Eej1Y2m2,
3rYhjTnz,GYD4gBzX,y79wwy48,Mn9KnwKo,XIFeC3Ng,1pkf0Tcw,
Zj2vR6BB,rLjMf4aa,MQomR9AQ,yU5wMf2J,y3cn9NYz,yhlNjuV4,
kjqbr11Z,T6uFjwmR,zyeHmaeS,pxEJ1zNj,Tduicth4,xJHQe4FN,
CRsW1EPr,ct8b0VvR,6Z9jrplW,82Nm6q8H,iyDhdsGn,TOyUJ3LQ,
1V7sksos,s9NzyVgQ,tT5EkM1d,AA5iDR8E,Kd42Drs5,yfE6aSUC,
K0g4Kifk,QlCtaI6U,T8WwzmC8,CecK57mP,5BRPR69H,pKazqerk,
nlQWIq2i,Df2Iknvp,YmePqlwO,3EluTNOe,6C8M1b4E,o7kIsP5q,
9hdxCJlE,lF8csUqw,wzjxInb6,stMUgRip,8vVIcemy,TsKjmbQT,
I7qqsAwV,1gNi76Hd,BAVMNgkG,I4Y5dOWT,TmjlUNgW,32e88TlH,
sftfvLTb,ORe1DaTw,vcSpY6j1,8vaentUP,In4b7XlV,NzUqKNXf,
0NCYRWX0,p5cMz6Bf,sDpzzKum,joK3cFga,sT6kN1ic,7uZEzARZ,
cgyJ005i,oNlytAGV,tKdgMtsR,Wrvv0kua,B0TB0WTm,JdTcLz6e,
khs4LUVH,koaiIEsh,EjTCfKYW,VR7GpbSJ,skLbdESv,02NIEd0g,
wRSJzRDt,IK75V0Om,ixxtboYb,qJS5WQlq,Fc7c3LFJ,tLPnLBJ1,
9eviCru1,bk45anuP,zB1CmFkO,q7b9IS8P,6D8H3AIc,UMh29LPJ,
lQjFtBtT,IE0pu9cB,KiiNSYZK,KfKR0zAl,oSZRtsJa,5JzzQLaB,
4qmUokD6,znYxVwRj,oQaQiR0n,zzXpi5Yk,uldSFOXe,bVJ6pAnO,
qwEHnC2W,9Xkr3iKx,DVngJisS,dcZBMkpb,Q1QeDS8K,Os9RLTmm,
OHDx05qb,fnM2F9bw,aZILPQtD,hDs0wOmj,uXOu1cDg,xogdxpJG,
orpcfTPw,wgu02Rjw,M6YNiC4O,Yk1vKIb6,7zims6RY,mlYoagVV,
mRICrKqp,5rVN74Re,Baz3gqZC,JYYScRNy,Jt8aezAh,Yt26vTk7,
1R8hf8RZ,4OPgFAMo,3Uxfr5uq,yuw1oO6n,GfFVluSp,iFFYfpkh,
jRuLWX9s,rDsNrwb5,LOZ4iRtz,v8vKxP1P,FuyBrH2S,kuGJYPPK,
DMMTBgs6,mXRSLQHq,kdZJUZAc,rgVq3I8G,sUz4a0av,XZnGO246,
f2Q71qjr,EcPHTXll,PUnYSytQ,vQujQxq5,zeayEtZg,DOXuJgQz,
8bx1J0Pd,OjwEQUHn,8RWKiT0T,GVonbcWk,nrl5paid,rOPgHuDP,
lxABpyv5,uTqF3nXq,MivcqLnQ,yb6fFH2Z,fCAEb3HD,U7iXsgmf,
wPpVBML9,XPoDwqAJ,1anac2N6,834AhqNM,fcHOZqXU,fjvJI5tJ,
eORqREwX,FyxXWlJc,vqYuOWn3,dSKVYdCa,2tAR54OL,DjIzCrJ8,
PIADCXEP,OmLKAnUA,PsrUwdF9,ulJ7Kqdz,8NaKJMAx,9jfHG9hv,
BGo7R3fl,nWs7mFFt,rNd8ALDH,4SoJZDcy,hAD8CStZ,OU49xJCY,
xP45zHKB,z6kyHv6Y,5I6HAxEn,rJwXq8VV,X0YuFI6f,MoLtTQrX,
yvE83hts,YZpo7ji3,hgxWXB9J,0VbRJAOf,6rn7IRxG,OV2WckZt,
zwnw8xd6,qmX7XKm1,bH6TwBxl,wzhISg9r,KvVS28Wq,vSxqCTrN,
AxE769sD,GJjyXrXH,WSyW1umu,kRUWIlHi,QjnWsPx9,wPFtgDba,
vJ4uboWw,fQqX96dX,pBSQopXV,cCmqdvAH,cC9o06Sd,Uia4omZM,
XRClfxer,9zSl4q0h,39F1dvf8,NnaaJ9WG,1w0e3eFa,NvvQUt7V,
DKWOfbW2,z6aie6Xd,CXrF94OV,AjLuNSpo,AjcPt7P2,b0ip4dAF,
81ii66dE,oW6bMvxm,MH9fMYfY,Wwl1JWES,VW8Z3jDr,fJA1c5lX,
Muczqsvl,YOkFIYxE,UFBVYdmb,UUa7Zt2K,VehmEMHA,y1ghXLVR,
puLlH7xC,0FHZ9JH4,VYoAI38h,2oyZ8rPv,VAQDHldF,1UF8Bmcw,
jB41EdiH,zOEHftcb,31MJmZol,R1tqoEWF,f1GRcXwL,Lbt1CDaG,
EUpZRLkI,NO8bs2OF,1uudr1Zb,aqcM3kqI,ePH5zZLm,LRvdTjQT,
Nj6di5os,tycxSDd4,qS9ZRSlD,JQOA7DtV,Wy6eBuE5,0QCSrPWS,
F3PwVb7C,ZUc7xE0t,c6FLyjQy,7sozfipU,jepenwOn,qYsVAqmK,
u1w0imwq,PUX2amVt,AkFYOtjd,pJ809tKB,sgBLD79q,14s9qlCY,
FhUsKdF9,UL71eSCH,8dqJix7h,BAqZT2Xz,jS113E9W,pgXE6Ajd,
LJW4g4jP,CKOtML24,B13DFcz3,ruHv2YIO,HDQVF9If,RwICfJGP,
KJsoUZrj,r6Ou4xiJ,86CNdk25,QIH3rlSa,2iyUfXdH,32b5xrMF,
voqIGqNw,8sxALoKO,EgIUdWze,WIht936E,pwk5W6z2,y6Akuk69,
yM1JGAVC,gc3pf71E,DlJxriyY,n8gPrmYZ,6XHNvCpL,Pr82y7Ha,
toFSFdQ2,m4RNoOKv,Jrif4FYR,67TDeyLF,XqyACmAW,ppHNdriV,
RyaVe8Ki,dDTqcE57,3BHFWfBl,Ei8QHpLy,VVr71bqf,PhDZWI6Z,
iLCe0bzE,tFu82fFY,865agtn3,LY2FG6CY,PcaPnHrO,nWWn9Blg,
GpqUQLXz,JXcn1OkQ,YuFlc69x,04U8Deoh,BMbrv6Zc,1bz2YRSW,
mviwAp1y,rVG574kI,Ow8jA7vC,i3CgUvbe,YtKyQL7i,FLlMQFtC,
9BWIGpkW,sWdnpoBo,PkUD51VI,NetBUWd1,v7Jbx17Z,WiklEWHr,
eC5jD00o,ftX7p96S,gO3LP8LL,r353ZMvd,oAv0ytmN,WkSjtXbJ,
LcvAkekL,hpPf9kqy,STwqmScg,c2zDZKlK,UOjf2D0h,0Nw95VFX,
Obmb2ypc,AZQAHbkC,ZDRZePge,BLoEE1Cs,dWBdu1p4,YdCFmVhj,
w6iLUxXv,gl9UlJmw,FWJ9V6cT,iMyEHOYc,UeXOJShZ,crRx8c3O,
8MV3Q5W8,SsNxgJH9,VCVFvdCH,CueKGhwM,1qNRvH0l,9LRouyxn,
bs2EDDlf,5zYJOsvP,SgGmXGH6,rwuT3Zhc,shQ3SbhX,IfGwF9ly,
pZUmGzr5,6TX7Rcjj,t9kmiBhY,OYuu7N2x,MURqtgwx,8rEZDVg4,
2AokcGiY,EKsJvsei,m6GOkajs,BYreRFjU,gHeqlvoZ,dPHHhVXC,
ZDokOHKn,DaCvPTp5,yBtU4QRg,FyXUsUwr,xSJjAsHd,ChGpa5tG,
FWAHMqXp,WUkoMOOi,FvBfViqx,x7VHcomP,iUx3kusf,nKB9xprc,
T1pOjPkP,Wfw9BSWT,NtW5Ynkj,7UsCjSMa,TbXa1hZX,uu45k1Y5,
uTbqgtHl,naYF0KNT,UK3VZ1St,vVwNWtTo,m2NCvuVR,CRuCChtw,
0vpZwhrZ,aXM6qDtK,Fek9Ig0j,7sTHJnbH,QAHmQ6j0,335sHwcm,
KxvqLtJQ,VDyDYHkO,iZ865p47,s9z9FJun,eXOZrxQk,8mX43gSj,
d0pjpuqQ,BXXhGrCV,pqSOWG82,2474iZnv,YNOlfcbQ,995OyIJV,
8zJ2gQ5g,Sck89ID7,tqrIAAyK,HEygmfbs,OTt2Jyjz,IBHRhkXK,
IoqjWZ1E,BxUVM3ly,UOBDmSa4,tRUJaRtQ,dU99R8Nq,FFjrHEYB,
rxdLpnOQ,dIzlx1bI,TjRIrD65,gpuX1sxq,XKck5Ybg,GIBbHLTA,
2IgrlmwC,L1xLr2bp,MlJQjS6X,BG8gp1Rr,K7S3spDb,o9WPb6eW,
rYMLQQIp,uRGTQvky,AdC2AfeW,m8LyeYuE,UepI478z,WMqLfLjP,
WTQu72qt,8b1n7t11,HoKKtQho,CH9PssCm,ksQrsgSB,qUWvlVx3,
hhNK528F,JhucI6w2,xnrZBjyZ,bsvxn0yE,fjpklvZ4,NretxLt4,
6U2HbAFl,3aSoaq1n,HoH2TE6E,5j7C4yF8,qFPCduXe,CNDKbE7S,
2MUTqYyv,fD6hcLpC,ofeBH9Qi,Wt0756Z5,SRYhOuM3,8QlkzKWX,
X9zDipVf,QTkTZiWQ,9S5XnR1v,GkNf4Jd2,SKF99ymX,pGQnWKd6,
Ci1Z70sL,kf1pZepP,W4Y5Ai0Z,ZOkVyxZa,NZaTZCEk,SDHPP6CL,
8BQIROFQ,C0KavHlh,Gt8G5KYV,oFIdLlZT,UNzLCeAe,cknGZIVG,
b3keNi8b,XQnGbmz5,78RJkrWv,Jj9I14ma,7EmSWu2R,jpxuJ6yQ,
cnyvOu0v,N9bMbwUg,ag85J8W2,vsuew23J,pBcb5cEQ,jQAukuKu,
IQxrZuru,UWHqYK7m,ljvotaeK,YOciiUKY,LioIKPaE,LR2Iza2U,
rxiVFuDD,iQTyKCxt,UV9CIies,7g8HqazQ,FQJlkmWB,aO9VqEmi,
xuUeM8GT,mOANW8Bz,YkSgGNRR,BZKZB4h7,y9lkhZcB,LKoHSZeO,
j75YUUPt,TxstBJA8,STq7SCID,n5if2w2k,D7gv13YT,Aqk97UhX,
NI2DiJgF,MyTM4V6G,0mbZn8SX,wc5E4mzP,2CsljIY5,eRRjKWXK,
g8KEgAzN,LEpPZYD1,y5kPMjSY,aKhTEeDS,lluzW4kF,GJsFG5Fc,
9Z2TiURr,C7kelV7E,fzebDyOk,ggXWkC6t,A8mS1dhB,izOCvTgK,
ssT61Foh,VjbfWhGw,o2mneEWw,bK8GDno6,PfaOUw5O,Pe1JuIfS,
KAdWe9rn,Ux4vSqzI,EJwwdAk3,MmMg208K,AlHMt69n,BbSuAscc,
9GIng1o3,l8jn6q7E,JMocQwxs,FoWfO6pX,M8i17E4s,LlNRJUur,
FSBvm9X2,xRflXFgK,LxLSbNiU,65KOXefA,4Q6rX1tu,TINQl2y6,
zjWI4cDb,hnZdBcND,2R4YRxsK,eeyxg5CP,oyvrJ8AY,vxb4JXIJ,
MMHDi8lu,mUZAZBnl,8SKR1kPu,R1xAWfiI,ZZmf7HHr,zHZwimQq,
dAhcV5GK,4bl0qDGo,A2DGIl5f,25MipCJA,aYM51rQ5,C951KMpk,
M0Ysl4Il,7uEw4l5e,hRijg6mR,fqSXahfW,henBi5Un,xwRBRWN7,
M5o2bKTq,aLlk0Bfg,PCP5HJsc,ejN5gAa2,Gw4PhWep,FzKEaZUZ,
zH4eouqC,OdG4LQ4p,n6fC2t1I,2JmbIe8f,VdtjFTWt,4AxQqzdL,
GsnITnoW,6I5NUd2N,ou74n1xq,z3eZCrJi,U4ZNrlHy,2KlWYlKm,
PPodOWBn,XPkzg3Q8,8NWz6B58,mo5iKPEz,C1KqXlNU,a7rp9fxh,
0rO73Sfn,giF05hyH,ii7dCS5K,0v97IHoH,8aO921uj,i7hnpP5F,
8cRI3Us1,pC86juNp,EzzFA3WQ,9dey3jb9,t0RwVhxi,TFoa9byM,
K5pj6l7f,ylLzCXI6,VxAQP67G,LvPTFnDn,s2EynMOT,7ztIubOq,
Hmewslac,PZ5umGPM,Iul3e7Wj,Gp1bzPze,aLIC5SOU,SRmcxbZd,
DieRp9b3,wcc50Lja,v1MASzuI,qOUYZR9D,7osuxDy3,OK7MuoWZ,
qGzgf1YG,PQCMGLnN,9QiGrOId,yPZ2dVZB,AyRPxNtm,E59kRw5Y,
klDM9lZG,8ZGlSGVs,cKgKyJ4c,PduEIxC2,RfOYyMEG,Lj0DZV49,
FkRb3WlQ,9PuRl7Sc,kGaTsNxb,6xN3sRc6,94hcYD17,qvXJAPVT,
t4KURh5V,PSYfH8jQ,az18c2eA,vbk4YdXp,fHj4YpZL,fV1V4iLe,
RKn1KBAg,KSkG3h5j,WpnUMlG1,gFUiVExN,oSM9rmn9,eFPiUUzQ,
hWK3fo3w,1XOXBjKY,9w5yRsH5,7ulZnUPE,RzG4WHyX,EnUeECaM,
7fkYF01K,unJRhyw6,5cb1TJXv,4RHHsPtx,4LvHLurg,R877GBdM,
LmLE4I88,yNNYDgvF,0YnLsM1k,V7pBIClu,X561Lc9j,YVhB9Me9,
KBVboUvh,ZUSIucar,fes0rAkp,vzYEkcO2,MHd8zGpz,yff3rnsE,
BTF0tXnW,wlAOwmRi,12qBJPah,4niuKJ8l,CLm5IHZd,3z1xUQPV,
RdwA0EP2,16wLPD5r,opu56ti7,2hEU6rQX,CmvCZkF0,q9KdKNE7,
c8ciBsoC,H2wLsmG4,HbFEuiCS,rm6a9Khj,RrCqR02w,0xiqRWvw,
8aaAqNqP,7wZffey4,D8uu6xZ5,2fvTb0qh,8yRylimr,MlGZyc3b,
lyEp3Du5,S0W3Ykj7,T8DcoZDb,jh8Ruc2N,IGcJhHM9,HIbF3uKU,
Cm61lKaC,Zittsuga,8tTqaDxP,mIsnadhL,zlKS3Sv3,8WwBqNJx,
eBXmeuby,bDVjOa4n,wMezEHCL,B7m2U5x6,EusTWBr7,cnr1vtm1,
eABQfbBR,iXRa1ogF,SGwMhYUu,jjtOKPOY,qnNDyouR,klZjJeYz,
