6nuq8Z4e,#SQAGBEV,XdqOSHNZ,wZ6UNBgT,WLj#KmjU,c#sSI6LD,
h#raOc#k,cbdZMtQH,e8MXu#PG,ahwQlfuC,oTKd6Rxi,#IhNc#uo,
felHhalp,pReK4Int,z#GFXbXY,UcJ4iesv,qMbIUw#k,mj2qZpTz,
txcqH8mB,i#DAh#4I,PfoKJt2#,L4uIslhV,TsjyAF#S,KMr2PtIF,
G6npzpti,tX#VggO#,I#FiMO#v,yyvm#dZH,jm4QJx#c,sa6JqUQ#,
2wpMiwhP,4Mb#Z8Ig,uN#dienL,orsMmiTm,Mh8#NoUQ,a#T8bCoD,
ntQFHbo#,DQQX#JhT,0pWMNQCW,Rv42#qDq,Sr4zDsDe,hrbmaqd#,
PaTBYvvQ,YzQ2XusP,VwnwX0Kc,rTwzjJG#,TzGS2bG#,Iw#FYttS,
YQoTO##f,0zMkirpc,0#4#gK2Y,e#Bdu2#s,SrlGyoTz,XERe#gq#,
js4za4vo,#4zC#C2Z,4mECKv#G,#0Uceigx,Ki4Unzgs,EO2Lq#Is,
rm##QcNZ,dFcpXqXF,I#x#zOud,AwW0zCtY,Xw6NITKT,xWjskg8#,
fF2OrwZ#,#T0Awrxt,VDgDuYv#,VOud2Aef,dh2FL#EM,TCnp#SQY,
v4AZ2#ZV,Rr#R#l6e,C6Ro8u8#,6to8le6Q,iEOkHLgy,cpnbKsnl,
yfHEHPFN,j#VCf0rv,CdQkY4Q8,reh#EEuc,R#RyXuke,wfQJdhfQ,
s#aq#Ywy,cNHOsa#j,hQSeicqM,phwBwJrZ,MznTxUpI,H4w#evpu,
lfICp#oO,mSnSBMPl,lbcR#BxK,G#QSxfmQ,u#sTaPFw,H#mhPaC#,
lP0oov84,wYV#dfSF,ikyq#eUP,hf66pGdK,td8SGeUd,bPem#42l,
pAKuOEj#,Tnag4nYv,z4ndjiqs,#DOaHQu4,pezdQQhI,epYgKVLh,
Z#vgpTIu,uvDcj#eI,jLU#C#RO,yO4gJNwI,UZXhSDKl,8lvsqJaH,
v4Q#dGTJ,sXYbIuRB,tMQjqAEy,T#0hR#Yk,dNppti6T,d42VyTuZ,
Elh4TTCL,#B2QK#aV,OxkfPr82,vaV2#oZF,JgHA8kl#,VoXFn#Ab,
CTqrkwrN,EkNDINhp,#YY#ijeb,FbO2gnbS,gzhy#IjH,##lJSA#R,
y#ZPmdY0,nN0Dacuo,LLWPsfwt,kPacnh4W,k#JFeHDB,sDdCNH0x,
sUmU8Qls,EwD#LFV6,GEJSkmsM,XFnLkliK,eCDmsYM6,up6g4#kI,
E#BWn#Ik,G##0pjID,VlXmkJqO,#w2#wmS8,nr4IuK#8,O46boOOh,
aJDus4gx,yhH4BxcX,YgFq#GyN,LEY#qKoA,t02T4hpC,y6F#BR6x,
6MX#qtQ#,#OgvwD6X,D8OFpdfV,hS#QI#nO,TkRkNHrQ,tImXjsSU,
yGxWSMR#,FUYl2l#T,GYbrDDi6,lC#C2TwA,z#upNkxq,cvLeQS8u,
QjWtWcxf,OyRQrlo#,oRqabXAn,qmCheIL#,#FwWR4bD,C#t2mQ#J,
HrTSnrfN,NP20vO#x,txrjzAWc,BoeWefDV,EuLZVYLH,MNHhzIM#,
fdkPOeZn,CbjQoUJ0,os0krJZd,uGs2mf#B,sloeznCc,wT0UOIVa,
aTszArK2,#d4rs##S,qp#YLJ8h,A8aoQ#zZ,UZysrjuw,wxWWCXO#,
mTZ#A#lb,dvz2w6#o,6xQvQkZk,PVgsS#rd,WqixvBGG,4dIAkHYo,
fMR##QoU,MEmEFLPA,b6#EHLlM,Y#kgJhCY,#t#8ir#4,4nGH#whi,
CkXh#g#2,hmg0DTYG,k0NCpOEr,bl#iPozp,JuGMKIO#,2#0FWYje,
W4PmStN2,MUizjRW0,lBM#jz#j,C#Yy#fKY,izka##aL,0tlhihhE,
Q#H#CKqc,NmKNCtLU,2#2#6dN4,E6lWlCyc,EgjeYKrM,6#xGCiyD,
jzEnKpso,vNkRoR#0,#kc#4DN#,LkPlAmWR,VBfFYH#u,sjjQakOf,
E#jJC6Qn,rDHZZDRS,c6xbNwFd,QY40gSgU,RxBuDrR2,#y24aRVm,
XsxIZaVN,6XNmO#hF,yQ#ciZcl,vcpF#i20,LxGIIAvO,xg#lioZQ,
e80w#dRB,nfgrxgpg,M6WuGpgb,GnvYLuM0,ANuGYkhl,xvM2Kajw,
gdYUDc#j,AAfj2#jD,MMjI6y2B,#MDLWUhc,8d4Jq82Y,IfhLezmZ,
jFHndJYe,wB0qwfBC,tFlRNlPu,A4dMDzLU,erhp8fDC,RB#lREVi,
hg##zWz#,YKTAjDuv,4MUc#vPQ,#S#Uu4cL,ijQRdnWb,#QLotgTv,
0LH#fwSk,mZcQ4mAk,DocQK8ZP,WJenX#SX,PAY44Omr,MyfQSPav,
eklWriLl,#XJY#BVQ,#SUeEeDq,KQeCEn#Q,FqM6IxsK,v#GwKAmU,
se64sJta,xFMb2R#I,hNMXjeHO,nmi6WEYm,S4qiNRsk,xcuz#vfg,
h2dAeTmC,fEGbgEx6,IVotNOLk,YfRXJ#dY,#oynhSXu,uDDIfaOX,
4coRYa#W,n0T6#44g,sACKqzcS,bQAq0om2,yKTwS2qg,#jk8lnnO,
VXwmuIeF,yN4xbqzK,8re#tFfs,WxBiUW4Q,TAalim#P,##mjrT#z,
kdyMSLeN,jN#bH#Zy,H#UXuVKB,Y4SpYRWi,#t2XehIv,2LFKSEix,
Mcve#dN#,iEqgvlwy,Ozw0OcuQ,Y#AQNTox,#RJ#4vcm,#BACU#bG,
CFGqRaeP,hNG#G2AH,RkQVN#gW,AOyuTJav,oOTeX8#e,VHhzJQgy,
a#uV6IRG,wnao#kRr,6LF#RJgM,oxl6nzEv,E6qKOfqj,DyFISw#X,
fPY6weSU,Kb0#JFBn,LZ6ydwPQ,#uwV0FSg,sPmY#dRN,mRT#uste,
rzME#Bs6,#Y2#CSh2,FCZJNQw#,FnfaPGof,d8RgJklM,glNSb#VR,
FUAsI4Bn,sQvhuRuH,ZmWGEhsU,CgLNjECY,wcqefZzH,O#WiWrYU,
LUAp##jJ,h2uyG#wc,jUoyRYdF,#aWVzUPk,MoJVp0EE,#8cHdGSv,
yg#pcf#d,nZ#URWeD,iVwHT8jU,etCs#sXF,IY#Vb46y,#dsS8Etq,
xX8r#pjh,TTJ0lEE2,BHVML#lM,fLClo#LV,0Rk#hEk8,v28PGMRh,
rM4aNnU0,6wjux#qx,WIAbkTjQ,VqFBcwRC,gTM#gH0k,bjPJodej,
VNsgGM4z,cHambZYr,SLs6qsrB,Kei8rxpk,kSyYCCxM,jF8uF#Tv,
QmCgM#Pw,f8DED0YX,SxTs#qer,#lTIqLeg,#QuRPjo4,pZI2ZGXQ,
bQijevIk,Qz0gkewr,2YhRfDTF,CBFzgBpr,rGIGbqY#,0YhkbNKd,
J##YCWBe,yhNMSbbh,RUV2iR#i,OkBZ#jaO,idMUao8G,DTst4BIT,
vCVOtY4f,gFelYn#g,AUaIggoR,8Oicq06V,CZH4WMjc,pwwmRDCr,
vL8JZwA#,lQiJRmCr,lkth4Lut,fYP6Bqv#,bDQ8apgt,fya4UMud,
6XvaIXCX,Vr#uRxz0,ao#iNnL0,VV#NGx0K,utVbqv6j,W8OMDnMN,
LT6wgPvb,JyWp#X#x,q2GPxL8s,TUeui0h#,Slw8bZiS,xehA#o#A,
pMnWxvmo,qASGz#Fr,t#zE8RuD,4Ldd#jLw,#8rACNW0,mMGVTjkm,
rRYxHsbL,boYjFINI,Qegs0asm,W6fQozaP,o#m#zxOL,UL2xtPej,
2sK2Dcox,hBnF8wsw,DMAcimVc,#VHyLTSN,mANXKbu#,MQEUm6oX,
TY##l#jq,Y0ZHUPue,phb#qD#a,tL4NQrKH,pSQIV##R,#8z#V#fk,
jorH2ySt,kUhalZRJ,PHrIQyAX,E#XzacRr,zh#BPZ2#,Rhfdh6U4,
LjNzSnxu,us2CCT4b,8#KW8N#X,4jajn2m#,m#IcudGY,FIAiACrI,
LcERXGPZ,ZXhk0Dtk,Mawglcc#,TKhtnG#6,QMWNsJLp,G0JEDbYn,
lsBGFNFw,xUZSB8Xp,UTbkCWJi,WtVxERUX,kvDXghtL,bqEKwBap,
ulJ4ftk#,UfGw#Atn,#4ijjL2t,#GdFfl4H,EMLRd60#,jGBoe2Lh,
4#yoKBRT,f2xvmzcY,lWQy2QDl,vcIJerZj,txFd6u#k,uCPQbZNx,
VD#VrHhW,RZE6qDnT,80#fuazY,MmNXjAsd,bw8Cbnz2,kd6LOtCW,
rF#VPGSB,0Dzkb#xm,vDYE#vHl,GL4udFpE,kyyadqLd,#ixci2yN,
GusFY#0C,S###IuI2,0gcdGWrF,eWRwZniD,RIgNPeqF,hvJXZr0Z,
Habl6C0l,yPPvc#6#,PmPCBdgQ,IZOFoMC#,WNo#nokU,b#pnfum2,
ObFpmTe4,Q0HeMihI,#FJr##lc,bIxqcTq#,##opWCsM,A#Ympf#t,
SKURMf#X,Xwl8qL#r,PxQJ8gwI,ou#NI6gy,Q8qCnpxj,WQrmAALn,
#B6bQCSe,#VZL#ejP,mHsI#X##,Osnm08J#,HPfxq#Jt,2He#TvQf,
dgVkcWlY,mIkmQ#qx,QD#gKKHK,rVJkpxyC,OtUYofWK,Xe#Lfvg#,
8jkQ2#yt,VhOkOkUA,NOyb#sUY,EZJTsXZy,fhohiWKb,bwvZOnyC,
b4LcxDab,CR#4N2A2,jYjzS#J#,wc#kAzUL,DEW8h4iS,UlWHlvJC,
t0bkZUlt,#kOFRGot,kkzApRsj,cm0xRH#j,FjBEbU8g,fUV4ykxR,
C#r#WRi#,dgE#XKmA,#VfcPlr2,dk#LCECf,J#eGSvN6,Lp#H#rha,
mulbPKe2,4lMFXoUF,q6jiB6mn,tt2BUjJe,O4qBOCCR,VowQMova,
uMt4SNpk,hrT#KCow,FM8rmKih,8M#Saz#D,luFch4ww,vnEdZ2IE,
MQ48yknE,#suf#xQl,Zvxfz#L2,openpW0#,K4hioCUt,#oJ2UznR,
#U6CVSFj,fTFDNFMx,H4N#EFvH,#eIVL#NO,YTrRJ4bX,VOAIrmd6,
o0##DEIG,QqAAunos,eNhYPsVK,etqFPDLe,BTfexXTm,mtUOOge2,
4vYRWTCa,m0QaEBod,uBq0whkS,KeEyuSAw,oxoiqYsL,YiTAShMm,
QckmtEdb,QRJlKhP6,Obod#OW8,#PGZ4sjU,CEg#gre#,jVq#bd#X,
prayf4Em,RljTLDNo,f2rttGAK,BYLMcQKB,fS#vVKPM,##GOKraX,
rCqTgZDR,XpC#dkGt,cOW#yLSB,UwnCVyzn,8YgoXTdS,gNYs#EVi,
qRnWCdvv,JT#FpD0v,BgTw#4mo,SkOXXJfn,yBi8ONBy,EHb#kbwT,
pnpwsJSi,4EdZntkT,4C0QqBo4,gx6yICr#,0OAqwsGy,#TxskRkm,
ukdUTzWa,#0GNB6Tz,UtZoTDWY,wtpPlJbN,#mFUWB2#,AJQbPJKH,
aH64k22O,wrDPaNCb,#h4#Q66o,PVzEChmN,WqRgsT#W,jEJtrjDz,
yHEpNJNB,ElfgCz#x,ZSLqKOk#,t4uSl#rU,M4jyN4#p,pmD0UFvR,
vgff#Aiw,CNoXSORD,S8#Ddg0A,ABysg#kK,izZn#gRJ,#dFT#wuR,
DBsQPsoo,2VQgW80e,G0zNgqvh,Ca8DEBth,cV#0msoo,ncEhjFuZ,
D#KRsd82,neD0P6h0,0nYmPkIa,wkpPXTMA,VvrlIxn4,MY4z#lz#,
GxntR#Bm,n##lSUVL,pl6#SrbC,qfctzJwf,fRH4Wioj,jyCasyVR,
R0WHp8kN,lugUdK8q,BPvv#TNn,ppxPVqGM,qBuOJMB2,gQVry#S8,
QlDTeogC,MNrHe6sC,HUqqG0qU,Qllmmdua,w64Lukle,6MWiSmSz,
ghXUhoO#,H#r4jUcP,0gyszTHF,GBVwXN6b,4##lpRo#,WQ#fIl#I,
CBa#tPO#,qJDnuJwz,LzU8qhfl,#myNIBvi,bDrErdLR,Uodo8JXR,
jQZH#d2c,zBZhasxl,#WXu#Im#,#xqdgn2x,b#dgcfsM,Op#XPzgT,
tenDWHE#,e2ctqe0z,edQqrgad,Ec8tJpkc,DINznqzC,sL#QY#qa,
feAEuLP8,VYACnUM0,AAxYY4yq,OBhMCFWP,Turldhs8,f2IAUvyv,
##t#8ZrU,AGGajAYc,4pwgGYmT,0#rUAXnB,#QC#N##l,IFw#fsch,
RIvwESnE,XPwvKU4L,IGQwHRPn,wjnJLxZD,fu#Tmuvh,hZK2TOLA,
uC4arTxW,dSFYpCzC,#Gtr#WHo,WrqNeanG,MrQdjm#w,cLsCn0cs,
EGUNABcw,0AkeIFVs,#JGo#LUg,wkQUk2mZ,GeKhPUNO,t#2bJVEO,
DicG#4UA,oKsJLOGr,#qGQlsEM,xFXgAB4b,ReSViKtH,tVoeH4DI,
skxLM#xj,Otyn2AyU,NoN##gKA,#8OOarvB,L0mx#SPY,lllnTRfG,
e2MlguVp,DJcL8FmU,FHpOxcMQ,v#dpVt##,tNuKin#T,6jEeWZ6B,
EuqbGa#c,ecz#DCe#,qIRI#WB#,edlacqMO,UaXyiWIu,#hBKUPPi,
vEYwBxFP,KZZVpJJh,RFP8ByCI,NctHZiXt,XVZysDlb,Ai6Z0NeP,
s#X2zyKn,Id2Hu08r,T6XkHgth,yxeyksmL,tjN#Rvox,JqfbolCg,
pxA6N#nj,yBQQ#cBx,tmylQWQz,k#KJpkZO,PxTAygR6,QHWTRwol,
QUEGQudb,yVSVdPH2,mAASRsYH,#SyZmVkb,PWPEq#NW,WFR8uz8O,
#JGY#CFg,scfP#xYU,tNySOjOJ,YGPqfXcm,EQlNsY4T,ahIfPEag,
pG8e0XVW,BKlOHxam,ov#OsbHC,tnSg#0wr,GFDGAwD#,gWXVt#fP,
BnC#wjDZ,HtdGtK#8,nGOVcp4s,lZmN6BAF,YcGvwksb,NGPfoVnJ,
z#EMzGeS,FADJaep6,q#BUn2##,GTo2MLLl,Un#r#kiG,SVp2#M#y,
QIsdIwkm,nIo#r#uk,uAJxU#bK,VBL2nSyb,y#nhvHDQ,o2ZN#r#E,
#P#TQlCJ,UnMffkrL,jM2MtECP,EzDN#Ip0,xxUmQu#K,RPZ48oPp,
aQcCuMp6,m2RlJhlg,MdACHEmw,rjyxGmXO,c#qERQId,QzwzQSOC,
#ocL0wfq,QOXuaSik,ZJWPxE0n,dxV2pJCs,#Pb4lru#,frBnkUHh,
BB68d#tq,Eoq###rb,QDf#4Hhj,8SEqMjGn,UKt#RVvt,jWunZUwN,
xJWBqdSw,6wVQNBcH,lFMbAhES,b#d8#JVy,sS#S#Xm#,rhYeSaVc,
NFnmW#e6,6re#8aDA,0Kq#HMb8,4#mUhf64,UtqPtCVz,##F#hiHh,
##jGSsNU,z#OQnVSf,mh4PRXnR,#2YmiECj,JT0BlLvU,SkIfdytz,
PvnFtKww,KuQ08skQ,jirE#VwT,de#qLAXy,#idw0H2K,cTLij#6D,
jyhkrMdE,Yk2JUXiY,gvugdvZn,oIDFJKi0,gykFkxjg,Qj0KgiGu,
L#JWEGj0,mVF#DW#T,snyKSP0I,60rki#P2,gwYScgSw,bwzOsCFU,
XbEP0Cy6,DXoT2dVj,HS#T82nj,wW#WwKOt,VqjT2PXF,MlzOxs#e,
kf6sftJJ,oOFUwtop,TFgVudze,x602y6gR,jkhwM#f8,NU2kloHc,
#Y#tbEHG,KGIhMX6#,fnz#mM#a,EasZw#bw,#gZhVFXD,lEU#B08O,
mFQIrXS#,#i2Csb8x,r#OkKKY#,oQaXPgLb,VzTkxKnA,0ncsyiY0,
oMi6weaS,#kPUzz#s,6ULDC8cD,wo#2F#0#,Mj#ixf#A,yWu#vvxC,
qid2rpDV,MHVpGWos,ftJKJSlh,ONmijTSH,c#JBrnub,2pyIjWby,
pUh6KCnw,nHMGBEnL,G#k#qOgs,bOavKj##,bieTSzqg,hcUQPgzv,
lTALFObO,CjhkDjrM,zDGqb6Eq,gye#ONA#,E8QjW##w,lnQWEgId,
RmB2sfqH,MEMArlG#,twmowqUR,NJLrXrCO,OcPerdVd,SIMh#qlu,
WFQs#JhQ,q2fnuS#g,4WutaoF0,6rh#PAzL,gocj#tax,upSYf#ch,
WGJ64o48,NldCWLla,#xreZzJt,ZzpcyBsu,fbykzCqm,WCWQnh0u,
PpGOZpfY,WE8ufAZu,JxMi8bC4,NwU8OSCB,hgpgDEcz,gj#vR2XB,
yIRGTsIG,YAOMqonH,EKWhm6OC,pR#fU#Qq,LF4C#Mg4,k2OKqap2,
Ujhfq#RN,UV0OYOcH,ughz0xDi,zq2XAqXs,JeH#hxTb,sTYoIa#a,
pkJnRlGq,JIlj6iJO,urTJWMUo,EQKkZNuo,#bJYupmb,6HucXe0r,
DUazE2Vg,RFAQs2cz,cVvElRQr,wiBruAS#,s0E60xnR,cVFCWRb8,
LGK4vAtZ,T4qlEgt6,e#bfDw4P,pKslzBrk,gcoJKPJD,U#XwoqBC,
tMR6gUUF,EkZbTqw#,CSRnIyYA,FV4#jFEN,ptRDnJjZ,#ibXGF4h,
xTEdrAL#,uQ8NtMyT,gouB#NB#,#M6Ir8ZW,0B8rbTyF,HFrbrX2F,
lwhriSAj,EE##K0ZK,z#cL#IoG,nNPNLPs4,mHvCz#Tb,JTeuTecr,
lock#yZs,mOf#EI#Y,pFAXIr8q,knScz4DS,tPbyla0H,YgMAWWyj,
z6ghynFS,Ix2hCF##,siBOsBvp,PiZLcw#L,Ch08EG#m,d#BNHHQ#,
ZpVqZrPO,HMyTizCT,QC#vg0Pu,2pfJ66Q#,vMtsbgfS,#NJjmjca,
TeFaetEg,STXWXMZr,yrTHH8zI,Tg0dxcoq,o#ABscPk,6Ne#zes#,
DkMkqj#k,x#v4dTuA,T#blf0El,NSlk4LnH,##0uo#OV,2hXdbsN2,
vYnIZZ2K,Sn#U8oAc,wAGUzsOB,JLOSbAUE,ygnvfpg#,Kh0SFy4b,
6I4FaSeU,B0MNAFp#,VMCa#QeT,#cKNKMWO,vYtFOFzo,Fk#eZylS,
jX0qMekT,q4E8QzWl,vnZk2yIG,QRUPndHG,8I#UUpOl,rqrfXoBt,
JyLK4rqV,giIDvoiD,4pwYMihd,IJsE###O,zSyEjWxx,cfaHDsjH,
PPGB#VOL,EfpJgwwQ,m2sDXZa#,elPQL8xB,Vba0#ZLJ,ebruFXi0,
XIDUHO2U,#RKQZfrS,rCQwzBfL,KGdoBwox,eZpUNrOS,iyJfN8#c,
IXIhxW2f,AgBaKZHW,Z4QKwCBO,ai2Wq#8#,#PoAJpNh,Dprlm6hj,
b62HIBtR,TvLhDToI,GLgn8#FL,q66Nbl4m,r6#8HuXy,0IOBzcjg,
VxB#AgO#,lSMweQSD,XTJClG#l,oXWY#dc#,IN4j2Rin,J2RVSHzN,
ygoTXxdl,u#jBjvE#,hJkjAAEh,CvdtaKgI,0EBVbMhD,Uyfd2Rej,
yxA6#eoI,HzbRhpzf,28bbVqPP,Y40YTehs,JRwP#UvK,rGBG#8W#,
h#hct6Zp,8Zo#bDrV,tYIwQdhg,RQUUZO0g,ThqklnKt,m6svJSoc,
O6JCjYSa,OL#Nz##r,irLDOv68,zwEjo2vc,#cNqaDzZ,oAMYDOpV,
faw4EAcd,6OwtR0DW,cqkl4Tks,r6q4UPX8,YrcC#mN8,biB0ieWs,
FgNH8##z,cyC4nxcl,ZmV0JJ8U,#HUhUOHx,4tecylKI,TmNhTXAS,
kuT#dZXc,FPrzD84F,BiS8DAQv,WDMNBkGV,OxWZuRb#,EAGhJKUi,
0MqCkh#g,SR4tbImY,fgXJ##RL,Fx0ogVFg,F#S0kXgd,OiEY0ZWf,
fRXnWO8C,j#Yz2DOH,HGH#CWcq,eRodQis#,8nq2#xCt,EB0GcOlR,
t#R#X#t#,SQmG6NKe,aafiHRJj,qJXBwjsZ,ih2fjvmb,jJSqwCCE,
KRUqJDJ#,nFIRW#Oe,oQrHjNRD,uH#YhDB#,vvpc##ju,M0lI##Uv,
Xjbg62Rz,JSv0u6#Z,CrbJysdi,swYzFS#A,beOfgGOZ,wkX0oYXY,
n8HTzSb#,o#z#ZABa,Mqo24aZy,sWxRSuPe,Bv#anh#M,oGLognw2,
NU2P#Znv,TUmKnaYY,F#62ifMF,Uw#8Tx#E,qbrt#OW2,HjM4tI26,
K862lRFf,nGogcxSA,Gj#P#ZQM,gAQHjSN#,YU#kLHx6,nVkxqc##,
taUy8Klm,j#4C2PBY,HCiqjQwF,JQca0kfr,s#0ySjTb,qVLqKmpq,
YFQgvlTd,b#nanCBO,JzkBQdMh,8xHRT6hQ,M#4fqXsC,0NKmnla#,
VuGLGt2O,YKFQOWEA,2IQqFg2D,4MZp6#u#,AbKgCN4A,vIojC2UC,
II#lW#Z0,QWoW4SVE,#FUFqWeV,EAdhD#Tj,NUFJ0EIO,A6ICYBg0,
g8DF#RAF,qNW#SOkD,IZnGB#sc,#8M#J##Y,#HDawbQW,XMXNygrf,
fMTRNk#U,sNXaO#8W,IJ6cUW#R,H4Ddk4qy,OinBCot2,#qcWriS#,
#WkWRrLy,voJOqamc,sJL2#e4e,Fh84zYcB,VuvMVgiq,D#c##yeB,
fZDkcIxP,XDTuC##x,xyhsPzRq,y#rIAFjP,DV8PBDEw,gx0SB6n6,
EEzrbqRK,rjs#WJPz,EXmdy0JM,wKD#O0bq,DKQO8HyA,Y0BTKqqm,
lNARLhEh,#hkNfueS,c4FlJdTG,cszURZgc,KO2w4GL#,V4Ray##K,
#G#ORWu#,p#VgZcqH,Ysd28X6#,#VczYbh#,PlPGhiIE,jDUgNjYK,
L#KS6OT#,J#EFcUI#,fyGuQo##,Z#mLkkt4,tdWA2NFJ,Pip#c##p,
BHTp#0v2,2RLkbeoE,sics6Q#T,6wUiCVFb,CyBDx6Gx,XpP6EeI4,
uTuyJDrP,ak#KfKTQ,gutLy#it,x8x#kgbO,#DlQgMDo,6I6kq0aE,
sBqZJGqe,OYl6ewVl,#gbn0OK#,uOpUOzyf,aWeRDC#r,AqyMUr##,
FinD4#Iy,V#sIEZXN,V#EyLKYk,8u6#Te2w,up#zuS#o,Xy6Cv#po,
8#VRJRbS,liTcuTIW,hPvLHB#D,#dfCcCYi,DTanKjd#,z4f#VVYc,
LtYq2###,hgHrSGKu,zSPi#2lJ,4zKZuIcd,a8EcbHkq,Y#SQFAif,
q#vz#Ogb,n##QJj#T,pH4ApmZl,lP##nseN,zJkFxBOT,CXJjeMbD,
sdcPzbaU,0jVnJ#8h,QsWm#KfD,GYVUI6wa,jIXQT#KR,rEeaLkrA,
MlWO4bpK,#kCNq8WH,OTxF#gwq,UIyD2YdP,j#Bng0#l,lI#JO#pB,
WWgVcNj4,vSGwOTl#,ZUtfUwBd,cKV#LkAH,gQBrDUt#,M#DA#WG0,
O#dIDOUQ,wPPh#pXl,dyMRseWd,lxLkrpif,wwV8iPWP,CL4J8##l,
xPa0#4bn,BUH2kYfO,ubUMYQzB,zEiHDl#b,bb#agkxP,edQwb#lD,
efpd4ZMD,B2leokpx,vwHJQdz#,onxzqQaF,6zQ8wCL#,E4k0oHxU,
efB2q8#O,vBnWrvBv,4rDz#pED,tYESGbKU,olUOuYCX,zXT0ssuv,
R#4SwGuY,F8OjhybE,R#qj##hA,YazpB#Ss,aUjFALBd,Tpw8VHKM,
Lb6Oclp8,tYx4Zpv#,hOMSzn#q,KCwFhhq2,quRAPeIg,ael#BQgT,
C#L#oQx#,q#KGiaIG,CxgpJXGT,bZ0MNhDn,iowEd#LB,2uhjC0Zf,
veCfbg6m,f#60mKnC,6RgjS0TT,uac68#jC,nURyaVSo,0XomHKYN,
zd#qdWjF,6vLdE#P0,XEw#xpty,mQU#yRM#,4RxfNQUS,jD#WGQWB,
ssHZRaxb,YqcwhZEj,ObyA0sqj,#tfKhbjJ,C0Gr#eD#,CNERMgaz,
rI#r8zJb,0YTh8dYK,dEbmQMss,A6jkkrTL,#0bdxSpx,QgMWtKGF,
nQZdCpEa,tVvNnoxu,nGIUy#sm,lcjNVXqi,NntoN#yg,##4oqBQN,
hyFNB##V,isIdo6t#,tUvg24v#,#zpt8fen,OUanZjih,KYs64Tfw,
OLKONfPQ,MekUtwhf,qpDoJTFr,S6xUXKqJ,vbvgok#b,wp#0Vjdm,
IOKpInOA,rlsn6T6z,2CQoWXzr,kBpfSCBA,rjY#FMF4,8#rc0yJ0,
azp4uWvO,vS4nvDYU,VU#AGGEM,N6WMCGKK,f#OI4iuz,ayVDaRx#,
LwDpafcW,j8GTMqD0,ysIAIc#Q,J2uRTZUE,uv4EKeA2,kgV#Fx#d,
ZNNFXSvG,VXvOVprp,Ut#DFCDZ,Qw4v##I0,UtFSk#wf,42#Zpsok,
VqVA2yyS,4Ao8K48E,wMuQV##Z,#4ZqxlIq,LDZNbvEe,#0mN2sqw,
eUk#Tn#U,s2lXn#l#,FiSONw2R,umExN2#Z,Xo#QJaJ#,c26x#qEI,
Ixxu#xlw,UX#H04GV,qLJ8Vsh#,uoByOfeu,KJWMhfgb,dhQbjw4I,
gNQbg#fK,tQgf#tKO,cGytWOC#,#sgmZk2f,#Son0B6t,rkJvNrj0,
#PrZB46E,wkYtE#GM,R##REbj6,w0zhrSfw,FHugJASf,VOHxNnhF,
qnu#yN#2,NGkcwxHb,ebpVJhbC,#SaRdpwC,M0FjMMlx,sDIYbp#n,
ywhfNsSQ,i0Htpb#a,cItWsMtS,qbQzyVU6,rbmcBc#R,cIlzUoJ4,
#a0xXtql,FeSbaKiB,UCMvOPlY,vGvn2fr#,nrHiT#Dw,jtHteX#8,
zPBlCWh#,ANvD0UKn,mpGduhJO,LqfZoi#V,#EfHBwN#,hgKhavFu,
SlHnCo#l,PmkbDn4I,2hoBO#K#,pvnxY00Q,jHbT6kfT,Fx2iV40V,
mmwavedS,JyqFwqwP,#HJ#0W0F,t2Xm#Vhr,gLzL0MEH,j2nPqRDt,
ykDwgBbH,C64H0j8g,#HZ#rBKK,B#y#Ybvv,t6#JHbqj,fu0dO6rR,
NrWf0GXC,MtDIC6d#,cdOUmfbz,HaNtgek2,FefGTcgF,ETng0zma,
K824neD#,mquAFPAi,#PWU0cxE,4TU4qeca,nfeIrRLN,ielV#Wd2,
LaXLkuno,lgqLuDVP,S#yjZh4f,vp8wllz#,tuOMWaai,qB#SeXI6,
4en#treZ,Omt8G0d#,uZTr#4Jz,FKqRH8XM,kiNNJ2Kx,meF2eQaH,
Q#6Z#NxK,xXBf#wZn,MK8vKT##,#E#jthYj,j4goRN#p,KICNdB8Z,
jht4aubf,6iwzyvQR,x#fpUoOD,#oogXxfg,MIkWat#f,KDMi6D#E,
Io#ALPdO,bC48#joT,0HN8aUnU,x8aCLjgt,Gh#r4fff,PhlWyJPy,
oAFzu0rZ,8CBTTPkz,6mY8zdlo,sGi#o#zM,Fej#fL8l,lKdexvOE,
RMKoY4Mq,I4p6#ZRM,b8VoR2Kc,KXphsbTi,VEETIpiq,rHvzEklO,
shaihSu#,PRig2awY,MaPsz#Q#,LlynDTb4,akmrcOq2,GHgGRMCD,
Us#sxVrg,fZEQSNU#,#eqk#RkH,wAnnkYYe,q#EVU#c#,4O0VBSWJ,
#k#8bnPF,Xa2f8Yrw,Z6qUbC#e,qZ##Q#KX,nL#x8Sc#,0di##KD#,
Q#ZZD0b#,Yi#OlJJH,vMcBEmFC,xXJHFlOt,mNtYLCZJ,V0veKeTd,
0#OCqtdX,pUC2fqwA,bXyVzxCu,w8HekArj,GfV4J6#6,#E8e2COc,
zk##QJBm,PiyaTZtx,emBVtAZu,c8GdKtpi,NupBd0V#,jtbasEFF,
0gAtOyV#,ECeo#DEQ,##qi4ljl,Puth68W#,mvya#sbF,4p##0GT#,
JjmLFD6u,6xJcFEh#,#Qc8ilNk,JOpJuiPc,A#XfM2HS,zo#d0mc#,
amdsIYKr,L#8doVpY,4lbRnQHU,eK#d#iif,CuGksqJb,ySpWLOSQ,
##FuTmn#,#sicIzrl,##DtwlF2,d4WYQOMY,RrqIONNV,e4#UDwdE,
CR#6cK8n,M2jDO4zD,vZlhL6aX,afRLM#pm,Uvq4fwr2,yIDmMcZg,
bkxUoIRz,XJiHMI#G,drKqX#sv,R#PCfOQp,6njv#b2#,SkGE0Ikb,
#2C#b4A0,8qAncqKh,M4KPfKO#,4vJ#b#ek,#QpeTYcZ,mNkwb#NX,
#xNmhBrk,4alfbzyc,oVohTAgf,lAKxDxuM,#f6kRxCT,FX#OxHYV,
CmauXoHi,WrNAZim2,vrkmWXeA,Unmp2liE,Hs8EQQVL,hGleWFgs,
6BM#y0Bq,nXQpi820,zaCnYv8e,crs8#HAd,ineOlNcJ,L26##8#G,
hE#d#8rj,zSsGz0SP,l4DHSPoD,QuEXBGBQ,kC#rKvLi,lbYU#OJv,
TmcJ#ykX,2YSBEtrW,4vmMY#4j,g#bnPUSG,e2nlAHjB,G#aiDCfF,
#zr#EuiS,ttfin6XB,6kWF2dgG,noWY0#B#,I04mumeX,Pseay#JE,
tGjtRx#c,W4aUbJYU,K0eclr88,Tmjpt2#U,GlmwQtIK,vRFHABzk,
zNxUeF##,ZkwskymZ,RIvHadsD,4#kDERVd,Fs6T##Z2,pvsH#NGS,
tbyDnYfp,#x2FpYQ4,oWXs#Wso,qV6pGMi#,WOLjM0IN,xJsWFi0#,
dWteQWDe,PJEvtUCp,InIunphT,6HPLZOMc,Kepy80NX,Hpqaj2yZ,
qetLDIEH,puqmgdxY,pWwxUhsB,GQJZShYg,wp0##EPs,6fPmqmkP,
gPka6MLN,CuKtMHJg,6HnamcCq,qrLOL#E#,SY#ZJUKj,nuM#bung,
bIqvT2Wj,sH#dKJdB,GmAnfkGA,MrHYV2e4,KCADEuU6,#0iRJvsn,
P2K4krE#,Sj#LlfN4,RlFvPAAY,AQQhjgF8,hndBMPGC,#JnsW#uN,
uahkIPgg,F4xYla6C,yhbk#SVc,ziCwr#hU,fyeXnsd0,xIYST#sp,
iDHnvCz#,TaxifOcu,lqrGTCHo,kDgbGIAZ,jgkPSSQL,2n2h#eJu,
D8buKSS4,v6eaMO##,4rSVjIEj,#GydVhHy,pS2#IUcc,0qkMcrPf,
SIaaqOts,v2FqhmWH,dYOTQ0#O,onyBOnQF,#YPuMgWf,gzFyVzd6,
x#Yl0##o,pHXd#LQ8,HFCuUwJ8,#nEZWR#s,R#NR#Xds,C#DHUuOC,
#o4ZVL8Y,6KX#C#tr,0gi#bttO,C#txzh#G,E#GzUMx#,wt26svxs,
JNuThVHT,28oBovg2,CWzxI4wc,vyjX#OoI,CSBTLgKO,n#nLCDLf,
xiKdmgqS,MHNNvbt#,##YNlHzG,OUrqyaD#,slhNBFDl,mq6RCAXB,
FTmYAVFm,Q4NmdopD,KEqjj#FF,sLv2lsDY,j0VSTyeJ,AZ#Notr6,
#PnpR22h,Mxj#XU4h,SZ#Mvlt#,jxTHYiL#,#8sU#vbT,0sYYn2df,
Zk#sDtyW,0pBYHm#K,tsFAVOtV,hrREs4Rp,mRS0kqWk,PwguQheh,
HRRAGiwX,IlzaqqxM,hpKBNFTA,b#4#phj4,68FMr#H#,uehUFOFU,
cnuX2lyb,vAbSRuWY,ABIZIq6d,El#h8Kak,6Eh8ZNks,ovkdXf#v,
OSvxgzKS,VN8#yilE,UAKTo2kK,vCXqR#WE,XpbdWT#R,GdSctbOn,
Mxf8zzQ#,bNt#SnDP,MO0JF4yj,hpuJAg6k,NlqlUgo4,2P#SdGIX,
sGE#Kdo0,CQJa#PtU,bTf#8B#8,r60EMGzc,neh#rE##,uQ#BECuP,
wJQCjUKK,0KmLpVXM,#dRwRXxl,NFVphpeL,6#npX##X,QrIflEZs,
ROZILu#x,#WWpj#8q,cwN#zV4p,kLCFpz6g,o#W#xVGF,SB2#KazW,
El#ee#By,QccdLir#,lnhQhVt#,wvgeEOai,#bunf6V#,i#h#nI#G,
4ovljYsO,uG28uboD,kT0zXUDf,ZUelAn#E,LuX#tnRV,4R#w2pan,
g8Wd2xq0,rFl22kEO,PARgVGbZ,xcuyzETQ,MN#NluLM,#6M#opVd,
ZMrUqCSW,MmsmYlcI,6dvrFgcO,kWWJlRUk,Cmf2W#WJ,ro#nJf#O,
szf6NpU8,mOPHGH2i,#fiYifFH,DI4lV##l,ImruMkA6,8pNO4N44,
0n2iCFZd,n#wibDDR,Y#lIpVOx,izklnopl,LpEl4Bxp,D#FODiDB,
lXjIS#e#,EysZURlE,eXZiyuFb,wkX#ABIW,yZCo4QvG,mXGfMZT0,
WQgulVEP,dBYOaEII,Dk#H#Alt,w#IiYzhU,qvpJp#yC,CuoN86vL,
pyqw#LZD,LGTJd8CD,E#m#2SDE,m2ps8Vdv,rB#ylZb6,F#NSdpuP,
oOSqHw##,wsuElFaN,h#lC8vGL,ytCJR6zf,UpEzTFBp,##4rIccZ,
lvzs0fdy,HPiyVPLO,epl84Uxa,XzBEJND#,ibvhoIP#,w#BpSnd#,
KxdNrKXn,iy##jC4z,NxQceEfK,HR#AclFW,SSJhAGES,cFStiW##,
sRfGvtob,kxLuSqqI,g80QMCJX,iBqyvrBX,jPBMiZXA,vG4l6s4k,
A2bnCUkU,tIqYa0Ur,Ntd#rbDW,RFfW#jgG,jp#WjjOK,#dH#dzy0,
2M#rVEnK,jDEoUT2c,i#6AkUkk,#Ztiy0iB,Ml2FXong,Z2DRTF#b,
H#JZ02j#,#LoALE#v,Y#aVvxcu,xNkqqnA#,vj#tjoyl,#WTUB0nx,
#xsD#C#A,pp#OLzTe,SYHanfvu,amnJmKgt,iI4ljaTG,xSuiroui,
mbsJpVez,hBiBjw2B,c#UvfOcM,EG#64xor,HQ86LkD0,VVBfpDOB,
IH#XtjI#,XJd2ezrV,nzZ8UC6N,vH0UjNw#,uDZXUF4R,ogRCPiyd,
QvjK8qvD,#wyoj2qL,FnIx2Kmq,Ye0MuwZk,2g2aEyNI,2j6llu6Y,
PMtRuQft,2gduMaPO,qPW#nILp,#PIliMh#,wLZ#BesB,sF#fPS#d,
IYe#GXrH,N#0#Uiao,##nCkPbM,sgZf##rN,ZFOFBfko,njpfBzDC,
H#eZOnLh,BJuIKTtJ,xim8xEuS,XT#wqL8#,Mk4AHOPj,xiZhbrYI,
JiOeWi#S,beoCZvHJ,PKkvy#M#,pJkBaghT,y68smfkw,rH8paN8Z,
vqs#yc6X,Wow6EMYa,S6DcjVII,AO#KAgI#,Ea#cnd8h,AEneolng,
pYrGT#nu,YucyIUDn,#KxqWFHw,i2IGm#VJ,#moVvLnr,fxZWsDhv,
lOThsyLK,ysoUvhCx,D0q#JLyW,iwSK##ds,W4IoCr8#,Tu#nMDUn,
Bisk##hl,v#4Cff4b,kMzUeF##,##sTGkfg,CHADIPXd,V#PaeSjy,
CQrQvsUA,vmuaFJqf,qYT#MQiH,P6P#Y8Ay,Y#nrrh#V,Bt#gatwB,
pnG#dWQ2,2D#YJDxF,CU44#4XK,x0ZIrthO,QVY#RO#S,q6Q#KlNk,
dRmmVj#t,h4#Ivoxl,jvmahn2F,rRP#cCuo,rQKn8NOp,RX8klDFC,
6ZMnmN#M,EQVOqpcP,eVcmI0Ly,VRSeuwQA,vBWQoXC2,LxO#V#Y#,
U#vC#e8#,6#hAx6#0,H#Q#Yq#H,WTQRSMYK,Vrn#Fv4L,ujmZpt06,
uQ#she#d,6X2WH0HB,r2C6vGQ0,ZaZpDZt#,ODx#PEeT,zgQgexPD,
xrH2#x2#,H0uiXVnL,yUOmy0f#,g#ksA###,BL8Gg8LY,8de6#CPH,
wC##Ch8R,ksjTCnYb,66PmfBkl,OxpX#fDF,PEGrVPge,fy#PV#Y#,
cOnppGKb,da#knKXc,oEBirSwE,qDujGsiS,eDfDj0Pu,8WOvGMF2,
ogkP6Qtu,rVL8m#YA,HecYcZrk,VdPzXuBl,IU8NIAha,v#gP4eqJ,
qCGCB#Uu,iJ#gbAzS,uGFdgUlJ,VBzYPZFe,zjQ8oJAF,sBTCbssE,
8#RmZa6T,LFRyCuM#,OBhakRPK,qIkz#Mdf,R2ARcGKX,jzuT#g2P,
PhY#6NSw,ua#BXhOO,joDu4lpl,UTeW8eJX,tH#ztV#V,##u2miPD,
Hq#JMx#E,qfyyuiuV,Xztouujx,BNyV4nzL,LGsxbvcC,JI8b0C6W,
#zkB4C#D,nHxr26aN,KBjW4twN,bEYaf#4o,CoYEY#gk,MNJMTSxD,
tQxxh#jt,GhBVkFhV,#dzYkNi4,A#QrTo#k,cASuEbVk,qwdJbsEa,
Gb80Zq#x,qTZjf2Es,CuWgDRy#,nLKweoGU,yPSxdT4D,N#X2#zsG,
#oUEftDA,co4oKLii,y#NL2QnN,TiOVRgBQ,FvuSW#r#,tvxeeOuM,
ViwV8TJZ,bxU0LtQq,XihTnI0R,bw#qkxad,NE8VvPTE,mNE6fsuc,
KL#6r4VB,AYZSt##h,Mdah##Wn,Pyr4ZWgH,FjN#nIGV,EFN8OQpy,
2zO#BIqq,gSudMIVr,#Iwnrcg#,R2bESAcU,80XHGm#V,cz8Yh#ng,
MUBb6SeW,UqAMYKF4,JALpWQk6,pt4GwqXg,kyrooEki,2S#YDI#m,
iMLdD4j2,vmH#MEg4,aFsxjLPj,DQigwjCN,#m0GohHT,DoSn08r8,
OUF#Ftpi,jFxQY#D#,rBGPSnIw,JzTJHlPt,dvzQYW6h,zD#xLGwa,
hc0axGGg,fxXVQNo#,iVRePYto,zzTifqtv,ArF8#jml,OkgF#CGn,
wwBls4I#,BBiPZLkA,cXGhg2C4,mQHrtoOX,Sniks0j#,ABQzk8#u,
#LMjOmo8,b#AEpmBh,KRBaQTbo,u0VP6#hc,O#vAoRHz,VhbiBKAl,
z#vp2FNv,DHiJKzVw,Bp#ZeMw#,#HqCrYW0,#po84#BF,QTpyqi##,
F6YUSuZT,bptAlpzr,PVzR4axT,#UprcstS,yrKoWJh#,#JEq8dRV,
6qLayg#z,8r#kTsaq,RSOLC4RH,Nt#TEZNK,nwUUKUtS,lsaeSlCK,
drvNtksg,NA#rxS#S,o2M6WeYh,G#tzs6hD,vMrY#TcS,rhiWarPw,
tBDpPBEu,I8#ackOH,4dDb6P2w,6kseLhLd,RoCGXhaG,nbOztAgw,
NRFSGHoK,#OXL6IYV,4yBZPKDa,TsJn2XTQ,OyGse4df,Sa0WQWPS,
vrRi#vt2,VanX8eLW,LrpZtAek,Idew#4oC,tdVCGmEB,w2xEegzZ,
GWY#wbrc,mGItI46b,hZLWlpxR,p2wCh#BX,ZA4tLwD#,alAQnE#C,
DMyY#4Ox,4i#llIii,inL#Ro6#,HHR2jQEX,AbTHfHch,XjDi2VAk,
gjk#Hq6m,#VopL#mj,cd#pTdGQ,xj#xdHRt,##zGAF#F,Bp4kqoEA,
CDZvOGlj,ZsQaaGE#,PbPpQQ#p,e#ICwkd8,XcBJSW#Q,pT0xxCGn,
NvKCkNZy,VHar#lxW,y8Go2Jcr,AbY8LEtz,8d#q#8YW,Q6lPsSMY,
0sk2#xsJ,IoPt#i0#,u#xvgvp6,zKVZAHVy,#gygN00t,nNUo6Vvy,
22#ivqo2,8i2IXXe#,bMlYNjr8,#mw#fZHh,#Iyu8Uwe,cwU8s8dD,
UwAFOZNT,jh2ygHOf,pmJvgeJr,IBzaJKMD,emh2l4TF,mTbAAXQZ,
jxuyJbXs,MuCtco#q,Imt4okHI,eSjOQ#O#,EgDoqyQa,2qEePHFx,
#6zrqg8E,#rrVyd0c,tEARco2d,PEpCl2#m,8FLxVT#0,kAVQNW#f,
yB6KY6VN,Iln#nsnu,####08#j,HX#uRaHp,KM#IS#tB,mQCHiYbq,
#ar#jqmY,nuscE8Bm,UH4MIxl2,lWJCUT0Z,#p2kPpid,RJntRXQJ,
EUtkqPmL,L#nFYnC0,MEkC#BNS,k8m##cSH,4l#u8ngR,rBunX6lH,
LGhMf4Fz,bZGg#yYd,RZIYlWNK,vi#sota#,#rSmuxTF,uzVD#TQU,
RwSaqGUW,WZokqyqx,YiRsNI#h,h0SkSIfH,d#RDLLzH,KY0buqGs,
GwStcXIs,YAMQg#xt,#m#S#EAP,CyY#YDvC,#o#llLNh,ly#BzA#G,
Wax#M#Rn,DPsBsVdB,hgVB#GSk,eYTMyWqt,4XwR2neF,bEeDzpdR,
D8qCMiUZ,eOLLIbeL,#IC#4OLf,qXSXl#MY,bczWttVH,fEsYPEJU,
nj2r#LGt,Iwq#Cd0L,nzHQ0Cyg,gYc4DVWY,cYnfJ#Iq,x6t#jtTF,
0Av#b#hp,0trBmozw,kWL2Xrsu,xVCPntun,#Zoc#DAZ,4#Aqp#WK,
#FM06esC,#2rsvTQx,ScHROhQS,jqjIxdsA,TeyXq#zw,#YYxRO4I,
ZLzN#oFm,MW4kavS#,HrY6qwCt,uAYmp24m,OB#PZK#M,Hb4PGWOm,
lMsLg4dL,Eb##e#l0,IsNGdWqS,#uHMov8K,fAvwEIfg,Skg6pB4#,
4RLhL##S,DOE0hKKu,kfYWWdbO,vrSS2UY6,LHluRsms,eZstJaY2,
qUWk8#6B,yYuBSsFB,###YrprG,mR#42#6q,00I68OFG,M#fCzVbH,
WeDnB2#Y,U#0Ue4ic,40icOYRy,#68D#jiV,vVh6Yi2Q,r2IE40Q#,
0#jO#ak8,hsLgL#ce,XtkTJlJb,nrPspDzp,KSdN#xWi,XFwGHGUE,
#exRxe0V,DNl2qSrb,KCYL#S#4,yyKfcERk,QmboA#hd,WAfmsGvc,
gsWnkXrQ,t##GNU0B,g#ZQig#c,OgwgU2ta,unvMkWDO,#GuQzsqN,
BpCRED#s,SxJMzaV#,xqMPlpDo,##dCvDo4,00VEDW#t,sMgZW##r,
xNgSaSfd,VqOr#av#,apELjJfL,ttLpCKO#,v20DUdOO,DAfEKKFU,
#hGrYTar,mVQYDC#6,F#JxgylT,8AvRj#Lq,qpPpi0QC,TFyxhEBU,
HlsYRLPX,mlODuy#U,VRjcR8OK,Lnf0ZRVG,alCZ6sWq,NJ#fh##c,
UroJxdri,yHixwdbE,wODDex#Z,g#ex6nK0,M6JjhaBN,PUkj#uXC,
iydu6etm,hHUn2ClP,G46WdGJ0,y4kDyfdO,OqiSDJeU,q6gqGBdl,
EkhR00Pw,2##yplmb,LC#mlfhJ,mva06nlK,FCzDDp#F,wheVCy4l,
##IslXcF,skFyFZhj,BOWcd4QI,l2DVAGgH,LWa6TkJj,EpQho#AX,
Vxa#zYPU,0qPy4#gQ,YqURKE#m,#ZDn6eiZ,Jq4ioRao,gXXk0b8W,
z#MjDVDC,UgZYsfV#,G0r4PBr#,wmovxur6,tdn680I0,eFYFVSOB,
QeDFN4Jk,q#PVxe##,sm#ykOxx,tvcmlYXb,cBRYDyi4,B#X8jZ#J,
jdgE#Nbs,glPCjKNu,lCsX8KZJ,NWQ4TXOd,a4P#R0C#,jrJCbv4v,
#wsgerX#,lN6fJSqT,Wf#LdFQw,4A6f#bKa,HaqUzmTV,#XaSPAKJ,
NNu0qlwu,TAHWLq4r,ytj8Pc#Y,abPZJzHw,kbuIuYal,yRhifkHO,
N0WCcXyk,6niNUZhe,aLUDH4Yf,Uev#wcVj,aRVnMrFQ,PXBJWSW#,
BQIiTEwN,Q#WmcSDm,HwHsYngN,kSuhIokk,d2A6E6Tt,6NNiDrCj,
XkLVFZGZ,R#eyxySI,yqObxFCB,tpR6OtnM,L8Fq6moX,tAv0#lHD,
MvMhboQC,OHGC84mU,a2igmEcP,dFNk#uVL,YI0#6QJS,vpvBrPtC,
PMQbo2YB,IMTHePqc,xojDc2wH,qZgPMKpC,wgNSgMuW,wlBKa#XF,
ngjzhNeF,KvuwfU8J,8UBoG#la,pWUxWPdj,6uTlh#0#,AsvNkEws,
y6Rc#amu,6g206dka,HbtWerVP,TqAe2#GA,bvKgF6LM,lLKrY4zD,
d2xstqfk,QPyRUdp#,Iakog#8B,OS0KVzl6,zSw0gLl6,zRVr4ltL,
vL#JOdlA,#jkYRD#o,tzpJjINS,zJhC4Knx,vsghFzRI,T#FIMI6d,
htWybKqL,rGlvqI0U,8gbNQ#vH,8anVQr66,V#E6L#Rc,JaF#QF#Y,
VbLJafoi,nJbebii6,lWc4X2gG,cVM#yLZt,WLb4Yxnl,fyxqQPu#,
KGdHGtmR,m8SUTRmO,AvSy0fSf,OpFCf#MZ,OZEsr0hN,8#G2Z2Ox,
xG4xWWNI,lqkyy4vm,4aMta4gh,bUjaW#Gr,LKXFGKnZ,8GwGK#0M,
bNfkPuB0,oS#lXPKI,xHmdpJay,pGc8IbUR,Ya#NCKL0,AUjxH4ee,
JAp#hAFF,eRNW2HMY,PVJrEtqe,nJK#LWfv,uFCJdhor,6#m#R6#E,
#N4DguQB,bACXuSqW,v2FGh2#n,brs0vwFv,jH8xbY8k,wLfYBFU6,
FyKUAPiL,fIMKepfx,6m2fk#zP,UNNtqGx6,eh0O6gxl,Zh6bEjHK,
FJXYSvNK,iydIeKMq,#Le8ZKrY,#v8GPPou,ykqrPd##,MnLY#yp#,
jBdilCfl,8nZXalpI,FQ#s#hxL,ChKHP#M6,IZm2CznI,UkD4F0Nj,
QSLQ#hBJ,yjrlodr#,bN#Lnsth,M4mr4#IT,XuJ#JiMh,AdCYp##y,
Oaj#CKpm,OJMQOuJL,YqOFJBUh,MudbvhJi,p0r0IQmu,x8llD4#z,
tTfau#rh,EEq#T8pj,8RhPFDjb,MCwnFBW8,v#iZjHeV,jF2dNsuT,
hLGUoY#8,ACvddslG,BBESiSLC,xONiefav,0QnmOtvn,#0AeqUV0,
tzQKpCkX,q#dEmn#k,cuGYV#jY,aUbyM6wf,DnZ2ZjXn,o#ZKu42G,
wJDsSWo0,OzxAD#Oe,oNfl#cIt,jFcOJesg,V#GO24MQ,CjrdldqJ,
0F##PLx#,rJX8VpoR,v2Dv#plH,JKS4XiLW,VQZLCuS#,bP##cwWF,
yzaDYuiF,cbH8rt2n,hZ8Ru0SF,N0KXwGD4,fLIcd0Rq,#xwB0wYf,
v4#Z2XFN,XnKt4nyh,#etkcjIm,OeVMKT#e,V8dV6QI#,esvgO#xV,
fZfpiYL6,aGSTxR#q,0kl4###n,uyDiz8bO,#qepmXtx,Cjo#bvy#,
NRbWTghn,PSDm#Ob8,cnwziZ4S,js0sVwBI,nMDe0UzN,NcaMYjU#,
EqIUoKNF,aN##jGNE,qoRojqc4,BkQxBIGd,#m#v6Uag,HfjYV#Bj,
tqHKQROr,#CZKjDXq,0#V6Z#lF,iEBbJaud,A#Xp#KQa,kNTDpQ#p,
TUvRXOud,t#mceOnO,YjdX#2#l,N0XcPWzI,R#xOR#0k,#mvjbQ##,
#h4ah#u4,apfXlODc,RbZHcZ#f,juwslCzs,RDB8L#aV,snQNatYZ,
CVGNSI2b,azEv#bY0,Nz8yCgr4,EhPOILNl,Gu8ya8Kk,HmOQvMQi,
jWOTdfXP,uKDbwowc,QCL0Ktjs,N#giR#za,Zn#aBYZ#,GAecXKnN,
k8M#z#vm,cJC#ObbM,zcWaaUdQ,us#raodv,uZy#4#ne,KZhxbqjI,
CdQK##AC,tz#CXe#r,bDufEPrm,PITY6aGI,ousvv##Z,y#BwhGXt,
hqIVdaf2,Q#0VhEDF,84#E#cBB,ha#zO#0#,rGYEQdFF,kDyCi#fo,
dm0ezBQO,JTlxUlCj,2yWQMBt6,e#IubYRm,iRBRrpEa,iZGdjiwl,
Ps#B#DHe,CoILkx8C,pHsQ46Yk,#ExmV2FK,sPlsq0G2,omOGUUjh,
BL#FP#ZS,IvdDvSnV,FGn#G#6#,oSJgM0xn,JC0yFXpn,qCYVsjP6,
ZcbEcfFy,#mOTnle6,VcDAa2Wy,CUs2eh8b,riNDvsbD,PXuagHeb,
TRM#RGyr,A0sMhyYG,OJkkctVZ,rp#H4lRW,bBX0hvqP,tSCKoyrd,
hJxrcsoB,PvhSP6OY,HJYYdmLG,enrBTQOb,xlAJLZjy,syofEcdl,
Wah#w2PJ,oekh28qz,r#ha0yGq,6#GKfT#b,#iiyi6fG,kzWlFmU4,
n#clHQMN,Vsvbjykl,ODR#H6LZ,DHkg4dkp,muL4kxRe,XlneRHzG,
iqLZuwZ#,ehnguFFR,#oVuTKIO,###VKCB#,#mYtQVB2,dWiHCWwJ,
ipbc8TYb,W#6FCFGD,ZE6QAFQL,A#qa#XTj,m#tuWsER,tKw#oaGn,
MLbko2#Y,#w8at0rN,#VgZlUQO,CmS0uymh,hxBGxHEE,dLMELepO,
#FNszEga,Y6atFuKU,0lAx0dab,YWPJafxh,SiJqWYAV,4ImHd6Cd,
pcIqpSBl,Np4XCzdu,QWUMSuFX,bZCo#ezt,pfTM8s8T,PcQrK#UA,
WMkOfYJq,XmO#yluX,AnKGNSzD,2o2KpUil,HD8WzRkw,b6xKr#H#,
mrG8hfJi,DL2#Elml,Wufvkz#v,Fxf6wV#T,kL#C#IUC,tUD#dYq#,
qFEKeEgT,#tXFo#yJ,OxjNfboH,##MjZbqq,Q#8#FmWO,QStcV0VH,
xctLnRqt,QaKQlaec,bmfQJ#Ex,#8JU8FAD,P#mdSMEI,XowiwKsI,
#HwMPbjO,h2JpFh0v,inIa#kS6,Gpnc#PSa,vpWkyf6P,gNcT4com,
z4wJmnN2,K8dRY#0t,sWLYaRNq,FZhJcG4J,IAq#Ve#F,mkviovJO,
ruNBkyZZ,yhGIVIpB,hQEc4MSo,4nFqSodh,R0RbwO82,#MKYv8AM,
YeY0YOm#,b#p#oChf,A8o#Uw#Y,gSWL0uvW,HuWDgiCq,k2rGEGVd,
MhiHLpF#,fzNf4g#J,K#m#oZpG,#QmDvfOh,w6WhwBiL,b#Zdk8W2,
ei#Cfqgg,fCSIRGZl,NWAhvS2E,U#Rc8Lcm,4cWhCcyP,MoxB4vWP,
pw6Sm#xe,8mog8BAa,NwrnGXbq,lI#obVdA,pkrKrYYx,inMqWmyJ,
R04xVfYh,WXF#TQGg,8#0x#X#l,iRKebiV2,gZAadwr#,r4giSUz#,
Zzw2uzmM,q40CkTCB,RaJ4G8d6,cro2kX#j,vykZ#EMw,IK62EIBt,
TkxxsIDC,#0FrXELs,c#siHcMp,WSryy##p,nwVQewsm,w#NuKwUU,
zkcgwWDr,O#Xl6XKr,tFhIcI4G,LPavm#qT,nA8SvLjj,OgCUdlmF,
0BnahpP#,cZwy0Wqo,vyg0hxh6,NSYZdiEb,UZk#m#cy,6J##Dvv6,
#J4igko#,cn0pFCyx,BSHX#Rw8,yzfa4Ie#,rjnHBMIN,#HaKjIgT,
BXOAMiGj,RTtVBF00,YmFz6mkd,#uVkbbdK,60kTiZaa,SB#sg4sf,
q6Mus#Ht,xANIMZsS,ZLJhKTpA,uv2LxtYV,zIp#N4ul,Ef#qcujb,
d2rVUQvo,jy#Q##Ly,M8zzc#SR,gUhtmyCz,z#stSXP#,tXYs0J0M,
Sxk2ycTN,6#gsHQZe,SrFInvRQ,qPhqxhbn,PvplFh8M,omc#dai#,
BXLWsANS,o4hTjsg6,VDqASykg,Tvk4FC#e,xQb0qWQM,Y#FhxTms,
vM#nknCb,SWfvwmK#,cV#BPQlN,V#4tUoVn,aWLtinEa,hUGNeoOp,
hQ06GlTB,kV2dkWAu,SjXaEAjV,sXGGlv#C,j#GXnzwH,uxUOtthl,
MeurMNke,K#V#u0FL,2jGpSa4m,HZ#aqquc,CYDpLWDt,Xwwpv#ax,
sOWiY0CG,XLQn#kyM,g#bZ#Ms2,hWpM#xjt,ldLkbo0#,#Osh#0#n,
acnfWNgd,IFZLdgfw,rYQDmOIu,BaLI#M#j,YowSaK6S,o#DzkQ#J,
PUk#I2Dh,bmZk6#B2,p#VzQ#rc,2#LmTO6G,IqQprrGC,MEWSFvV4,
AQCoP#AR,4jcW8gCO,Eqb#SQFC,uzu#4n#F,bL#0NAQR,T2NZgoMU,
OXYELDef,dJkh4uUg,fUg2u4Sn,6Flk##fO,2dqMQFZ#,okjqObG#,
#V4zZUV4,xeozjDnj,ON#Dq#EM,pVdb#Tca,OeKO8DSG,Ref8SArE,
lxhMCUyZ,PLaUDm#r,BNfHq#nf,kAnaaMOu,j4gTWMQJ,w0E#lHAU,
uOBSRZ#b,xsjGe6aw,aon4aeNE,crNx8mpA,8#sZYx#v,XsbayjEG,
H#KQdysq,XgV6AlEI,k#HiCQLy,jVIPcmwU,lgIzOaXK,oSQWduEv,
zkNa8xIp,qqfCKLu#,ZaAMlxwH,omEzOg#m,ASwJne8N,Clok6Sn6,
#WQmtm#R,GDrsUuOs,kk#Iwgt6,BRqIIMMJ,IC##Y4ZC,Go4AST0c,
baSGqmM#,bbHTXrAD,#DMXGLzm,#EUZvUcE,24kqo#qA,g#rbx2Oy,
Dyujk#Fr,FzpaszNs,D#T0ajAq,oZzV#nsF,WWWeXCDD,#2LzBy2d,
EVdOcLdA,KMuKaUn4,OjgLTTo#,UaAtGCEk,vP#HAmgj,6I#eCoiq,
HybBqyCi,GaJmNoHg,bOWK8c#e,U4tuqJU#,g#GEBgUf,rDCcZhqb,
#mVbwWnq,YOUowMtM,QaopoiFN,VfZTuq2x,KXGhR#FP,QybkkE48,
MswbIbYB,oWuSkwp4,r#ji4Z#S,xecPTgYD,GsOoBL0Z,FuRZ#e#q,
flJjkMcP,#oESDAvj,2iID#ICG,arF#DGAS,#hcj#m82,INSlnmDq,
El#D#Ejb,#WlHCTzC,aJTb#2cM,N4#8oIw0,#yD2cWcd,QxUros#y,
#UJdUVZH,Y4OmLknM,SYP2V#gJ,w8aUAdqI,6#V0#SGZ,WulFMGsD,
FhFygThK,0sCyD2gH,#bIc#mbY,QvDA##dM,kRkyKAiI,0ShBUxj4,
J#eKloG#,RiJ0nXLG,M#cuDtdD,lude#wgI,vurQQ#ZH,pIGLDrpp,
uBU62#Ho,zUCAqShV,kGJbNIQb,puU0Vhoo,SguVlbhU,4RsuHJoZ,
n#abOZkb,tc#ntxJl,Lbe6mt0q,itTZafZy,m#H84Zhy,brTEWAXI,
LaO#DNwW,gnToCSUW,0z#4ykAJ,JrlG#jmM,t8S4VmY#,HSyjKqdI,
0gLwBjei,JzWKSivj,rlomHmwm,e2FXqSDo,#oVIG#Yp,GV#xdCOC,
VaXAvrWH,tBERsigz,E#fkedHS,6PpkpcUj,mRTRiQzJ,pbBPrPm4,
WzmaN42R,RqbgA6zW,VrMefjXE,uwsUlOYf,okn#mo0d,Oasoe#i#,
q4nFljiQ,PKI#yGoU,YM#la2wW,aYioYyvo,DR4YamMZ,4u6A8vv#,
fwqnwUjG,Tz2R#ydI,pfFxBpwD,UBe06J#j,dtGKoXof,wr6BXhkm,
xXT6mnKe,YYf2FilS,MZA8WXnq,mr0jIiFf,fwkBR4QO,0#QFlav#,
#4b4#yun,XsGGKjTZ,NdBCfpqf,sfULpoPw,s0Arx#Ou,vsagJ2du,
fO6vbvIB,KDn##cDr,ccSJdEcG,4mUNm8fA,Ul#6QNHy,o2FnchOp,
rE6Eiiim,Dd#Xlmxd,GAhumX#K,ZG6cVSzm,xDYPUhav,uhsNC0Yi,
AgMWdNFa,sLknDTIa,vGYpX6Sp,nkaZi#fT,p0NALsId,b#zNWhVp,
VTMRZEgl,Zpifyw6V,wUthkbtw,e0j#feya,6l##ZgmW,DFcbbi4F,
axUvIlZX,lg4AsCJy,XIAVWWPz,z#IIiMnq,hgT0BSVX,6ZvzBe#x,
XFqTAfr#,f#QvUbVb,rPb#F4YM,#tjDIo8D,2yuANVH0,#xvXJr6a,
egbTk#Dm,DWXjj#Uj,BoToiApj,6SgNjkVx,A#pVg0fR,Vcaeh4xS,
roeJYB22,ugPLALhb,SE46EjYz,v6LK#gAA,EOhBohDQ,vtB#cQc4,
uga#x6G0,bqKkEkUh,##StotjT,UUW6L#8d,nhkTn#Ty,pCQ#UIk#,
RaufCL6w,E#BnaJAv,0VomUgSj,SJkMpFMh,Neup0zUE,CvZKczdb,
uCvmSnFK,4YuuBgJo,vbMtKG#k,#42lDgu6,SZsIl6qp,4SRD#y#C,
KN#sr8NA,cPUP#oTT,okBJoZ6q,SY#Zw4Be,QEHhMsQW,fKLj8Dcu,
XOdlLkLD,gOCKQbZG,NEWz6Mvl,ufCCQP#N,Bi6mAPYO,BAzrKw6x,
80#cKyxe,LaOBXTmy,cqUKfSzQ,r6gbCkGK,kJW4irg#,z4DwYX48,
oXSDPpse,vGn#04Pi,NJk#bA#I,EIdCFfK#,cBF00#ew,LABJCrZn,
8jrhTw0v,cd8PqQPD,puBqxNUg,nvZZUYn#,hMi8iiDs,tJfUy4vX,
w6l#Tfhf,JgeBczCr,lVzDbb#F,Shxoj0kO,6FPXT#cA,nrby0MZm,
HxXSGZvw,e0Vx0dj6,S#2JgehB,Dt#Cd#WU,ERKkQgQ2,gJyhWRlN,
0nueCMOd,dVPq2LiG,D2YriNsx,u0OpR#cQ,vE4#qQiB,M6ZOPhtq,
kpSAci#F,iT4##eXu,S0zhQPSA,VQpL#Qbp,f#Ysj##z,X#HWnCqd,
AXupMlZG,bopgeAEs,ACSRFXrA,66wrGUEh,R#GCsFiD,2HRefvGN,
#yFLv4lz,8Q0OKD#C,MLeeruPt,bEFoamcf,UP0oRkXZ,aWNUzRuj,
CIv#aksj,Y8I6uSmm,HkKyEIxO,EiHb#buK,SZL2jcmf,k2kMUE8B,
YT#BzCpb,S6m2iQMa,Pva6HwjZ,yDLqhSZe,J6PiGcrz,jNBzBlHq,
OPwumNtS,rdjI#iWM,nJ2#WtAf,gbMPurfh,gJJAwcrV,nICqYycl,
gencFXpT,#bIzAVOO,Exn#IM4#,uGusdEMt,R#Dw22o#,b6HL2txE,
#ULJEOM8,sezDRj4I,qHcqJAyU,FdFFGbhH,##oIR#Qj,nnVcGZU4,
H#vqD#lg,gYVW#dCb,e0T##Hkt,#fFJfyOW,BhmeiFvy,EosLz2WN,
#NQ8v#zy,offDN#xo,iUAyz#4b,sxXZxRNy,FBF8KeE#,tTKeTgAb,
a#KHcMRC,jOCPFnni,W2qFf4MI,WuVPKvYS,CGyPtprK,b#zQmV#j,
VxWaAIRw,aMlTfhLS,YhFrG4bR,6LGqGNJB,iFKSlBmu,nFnAX6qV,
o#m4avUe,eAESlmsD,ZculNON8,uaIpg#kC,cEFm#zAm,#deszG#y,
SvRDkELM,Osb#ztDJ,#i4eRCyY,PLoorqVi,VMTdrDZd,#aeADSjI,
8nVY0rUN,cjcEJ#UC,RNQioPur,YI#zyjiH,GbFECzsP,QCrxHlay,
60RtNlUL,#UlAdBfT,MSwmpY#g,yALfTVNY,TErHXlsZ,fLxqmKi6,
COrZKAdi,bZx4Sk0M,XrtULTRY,Fmp#4H6E,txEd#Rtg,O0jHijtf,
JU8uNXqs,kPsouw#X,#F88uBpj,zIYSZr#I,jfa6dBxv,oXRTtSOu,
vVA0wZh6,FfWDE#lX,hu#u#yXt,tOkWF#oa,2Z8wYnCC,AydeAw#R,
0#j#Fex#,0R#FYuOY,rUvni#ZQ,Cc#cJc#H,jiNZwi8w,#ba4FW26,
Qxu6DrXf,C0pjaq0u,ILtc#BG#,MQdqKfuB,NWFomADW,A2fJqdd6,
XEiYfW#Z,NknxyQ6j,MKH6ki2V,ifEIrPMo,t4kG0qFL,I#hgRlzB,
#eGqwIjM,WXunKgJd,i#Thtw0c,vfskB0WE,eC4Jinve,iYB0ckdt,
m4IPzI#4,Wspxqj#C,TelbzPqQ,NZQXi2qE,48tDPtGL,T#gjmpVf,
Bfq#4OZP,ONM4NdIS,jbt8C#Tv,c#OyxKL6,Xaf#YcOK,YAOLLwB#,
G#bic#On,8ATFiFKf,PZeLa2u8,BgRkLrnr,uxHEyvZG,4Tkmw4Cj,
#O2bRwhq,N#Kyy6X0,DEE#8CPc,v#wZd8gf,XgoMNGcy,NU4lYZlz,
BXIJzyT2,HoZTwf6r,wubhalNX,ePgcOzMp,xs#40Y#G,m6zRkFgO,
#q#iLQdZ,Fsar#UOw,mVBlSI#c,MA#6diSm,IVCrLQpo,izPjrEQN,
xp8p##AR,HBWUTOfz,KR#tFqSV,XHdmj##P,qeexlMm#,oiVh#8RP,
YQiDe8z#,OMv#NCUd,Q#IcT4dh,l8zqfofd,cvOqCnzq,#2vSEq#v,
xLFqOSI#,YfxdBKoL,ddbPyIdG,KJwm#ARC,jw0#mGel,TLwuvVfJ,
8owE4KkM,rP#ypY8I,t8OPP28I,MFbfyoWE,LtiPdBCE,qLaNJgvc,
oj0bk8S4,L#jhpgTa,HcYSLAu#,jEW0Srbg,Jbq#hg##,hmiGAcPf,
mL##jBgC,daA#zLkg,UIhcYkbf,FtTdDGtZ,ry4Kaikl,sVr0GJgB,
ryLnQWCt,ntH#a8YB,G#kOhEaI,zzIggYPF,uA2luCMR,#tQfzNPg,
O#2#LcLl,JtzZqoEU,WGdoi0do,r4B#PofD,vhEhsqCb,R#bfxPar,
ulPKj28L,4IKT6XuC,e#TExtQo,CZC#MMwg,#j#pl#8o,PSfUPKu#,
RlEoOuKo,tmtf6Zuc,ivzBAHZq,xfikXMlM,#ZaTrSfS,dI6hHAtX,
#0yDHw#e,JhyE#Sq8,PyZhqc#B,UdTzLmuO,n#q2xpfg,HNSIDiPt,
QOIgZPST,#JrM#Vzq,WZrroGF#,rxM#PByF,neUm#Ke4,tFPwyoVt,
lkUH0ALr,#vwX62At,gsQia2kD,H#8dv#GO,lzwl#fKe,KfbOhKfw,
c#Ol#8YK,g4YJ#Cyq,b2JkfuzX,JILYqYuB,2gW#nSSB,XOk0qQrA,
Q8S#Ap0j,8JgwII#K,Z#PkSFVP,tdNU2csQ,lkUVKUdQ,Ctmi#s06,
rPqjvj6Y,vUQv6ilr,Dfln8ybK,Zx26X2dp,PBIiTPho,J#RPmcfX,
sAiA6ti#,Yi#Wiml#,W#oPQFbx,I2l2eAZE,8fceIuhH,KqB0LW6H,
XuuO#FjP,FEQTeNym,#IyJdNoV,cZWXT2CR,w4DDJWqo,BgfN4L8#,
uGOFsbAE,awz4w#T2,dwDWq2iZ,gxNihVnL,zaqZl0Dt,vcxZjo0w,
UDqjDIiU,e#cvYAgw,IEv#C#w#,h2#Bq##j,IwCkeSeq,WqTSY#oG,
LSHoXcte,eyNCDTTk,pvEBoS2i,gVad#xTO,nBakNEwZ,ckzOdt8C,
YKbkAdAQ,#L#8iVUF,u#XfJtcT,NLH0eNAb,xMt#X4W4,PZa#S#Ik,
aFzR8LKW,xqUJdtUL,fmScqOfd,MniCsYXA,DwrLgaFL,yAuL#nug,
Hlq##DiR,#yurwr2#,VrS#zyU#,8nR#Ilpp,GPuMtKDs,g#TMwVTq,
lLzUhs0p,NRwvaVSR,JkBa4eCk,kt4QpVeI,EOCWeCj#,rQwCJmrq,
G2AIea0y,E4n#XBJB,njvBUPCj,D6VmskN6,mlOBwO#8,Qu#L4Onp,
#Q#ZFBhi,GcF6xqdR,LZqfMwlA,Yqm2eHsi,xrhd0wtG,J6LeuY#g,
VstHYNiW,dCXqjnIQ,OX#Muttb,zcn48qi#,QJJOuZJG,BE6U#MIP,
HIz#b2kI,cFKk40mU,I#Hc4oSF,2Wx#IfQo,Vpx4qSLC,vvXzujuc,
m#mqxf#z,#ACQNqeJ,PLNfByS#,2NGu48Gq,h2OMfRlp,rVfclrVb,
cHoMdeRd,#xH#ElrT,ofGB6ZYv,TbIeCBnN,iKzuYqHY,Vp#xKtr6,
G#GL4EgX,QWaqyvdO,fMicaYa6,l#B#A28h,#O28qg#e,ddFJHSxU,
DO6NMgR#,qr80tgfx,4hFtyIHJ,UmsBdXvQ,JCBtQrye,SHfjVsQY,
Kvrgc8Z6,tpHGkau4,K#vBu4Nm,J0GEtuCd,Y#raaqeB,NVh##L#O,
ODnjFaFo,bj0EMBPK,CgSKE6lp,ZCu2lCO8,d#rSi4er,me#8PSQs,
8IaKMw#L,6BLqbyyo,HZeZ#sqn,FtvsllSr,##bNziwD,Ui##QBuv,
AGtC#RZM,ltcEM#4O,8dzFw6iq,mmtcVXFw,C86JY#tj,uFVhKX#Q,
bCtFIM#4,6we#sSv4,YzLWBed#,T#kC4nqd,0USGETJI,qXHSNbUM,
KFIlTWpK,#Jk##Lj#,DbLf#uVt,qCjdNdZw,QGPJAerD,WMI#vZ68,
#RlcmgFK,QYXE#VaZ,zZG#c#K8,Rs#mqdsz,4NLo#o8S,m4wtXEsw,
B6FNdpT#,P0pfdSMg,FxCHVLxf,N#IKF8gg,cT2qgTt#,SSh#K#jo,
BW#uFAIs,BoagvouH,hu#vowyg,nPj#TDts,xuUc4ACF,ZMTuambp,
QfUeLqs8,gMe#nFxU,ap4e0GSZ,sJrA#AZU,PT6BhzHx,jTCEz#wJ,
xAVveLsE,vTeytdqh,4xQl4xRl,rtXYztH4,#Azdm#RP,S#ljiMAk,
hqFlWwEl,YBjx2YB#,y8gU##HZ,a#isNTM4,hpnbW#wS,CNpELYFk,
6TcdYUc8,VsyIjiMB,H#MBahtK,4SmQO#8U,Sk#QchY#,KuP#MBCr,
In#QEwAG,nUubTC4L,V#B#rxf#,Z4aLENdm,8edKILq#,GVfzvjjq,
sUyRqL0p,N##rWkM4,yXOgGckm,#zUBQd#g,#x6vi4T4,d2t#kf#S,
aX6R8qbd,X#OLgO0m,l6PCaGGo,G#v0lFSv,AXkGnwUj,zG4Ou48O,
aVojC2Hi,#ajuN#Ym,6i2sMWLk,BN6#QeRY,#dhJfW2n,#jPSqNev,
4hXObG6M,rcOhoDgy,Rvf4qhpv,yfnZ0Au4,PpRY#XJu,8xKwaY2#,
ti4Tztm6,II#HixL#,UA#XyMpG,j#au#dtz,vvs2ZN8F,vbmNG6Qy,
GTvcGTQX,2#raeTJJ,o#JlWQZp,#lcGr0e6,UIiAz#xB,aXJmOq#a,
yMwuCvUC,O4ge#skX,8AvHH0hP,X0bJreUZ,ZorBRjbD,mrRpS#m0,
IRIpRXfN,XqumDmjC,KLdz2ndm,M4LEc#FU,UlhKiwvd,VZAymRa4,
ClEDIPZt,RJ##MKVF,#dpjJSxC,P#a#Wkex,EQ8kF#Nu,MVwzDreH,
CB0krvWg,y#otpC0#,q6o#bbxY,4#xItJn#,inpJRmXn,tlQQVOUj,
Uim6rS4w,Tzcmgzqw,UPfL#a#A,wXrpMlJG,B#M2VOwN,lI#Bhz#c,
nkVwt2#X,0ymMR#ss,#fs0#ZNn,FVWXs2#P,k2kN#rI#,X#RM8jed,
wEewB#Th,WNepNlc6,nwRsVAxQ,DoCLGOZc,tdI2czj#,lxw6QIce,
d4E8CcZf,yzYeoXpP,8#RjDbqY,GW2vCfJP,hlWTxT64,s4gO2DB8,
JrpmAPig,LkJmxs#M,O#DjWJln,OCbOfLUW,ckgM#w0T,RKfmco#Y,
sKgouBJi,bT6rEYlQ,iCCs8CjX,mwkxSrtk,bHHDjoVu,hZTVYfLe,
RlEXYXVi,tdNmChEL,YjpfIiIZ,izTeOEqD,Y#zW0ucu,FYOhdq2b,
IppqI#nY,EgarTA4R,DDLE#X8K,VUZ8i0i0,pFq#KM#o,2dPTMSKp,
tv#xr#fk,#frkdHkC,mJI4vJqv,VepH6#4x,D842hkmj,xLBKsVmM,
E2Q#KfBF,tYkz#o4G,w#IMt##0,OEKfx4#c,#QhP#Suw,QO#Ua#AH,
ghrHisF4,4pjBsjLx,##kaTOGI,AHAKO8p#,pOMFgqKi,P#UfiDKn,
E4xyQbeo,SO#FWwKk,juZxUHQI,HIVZlGn0,ISwz2IVS,u2xqxfIQ,
IGnAlbg2,Tc0dQlby,dH#dn#6R,#BfARYqx,EM#XVo0P,y02olbWw,
S2Kd#O46,pjFeh#LT,NRRJdPwL,Pw#8H#Cx,#mK48O#y,#OKnPueD,
l#mwSSfF,mmL#noAp,KktT6Apb,m#wcBLNW,O#sFZHkj,#4mpsWMa,
ed#kOqv8,y2k#L#4x,cucbavsb,zOy#KkbW,wdgkBKq#,MLfvQj2#,
LfcVIF#f,rDeaWp6s,AnKa#afR,TumILmJx,zTqhwtwY,#K8#8crG,
x#OCj4rb,wNTi8ANH,tbZ0FtYK,c4LigaWO,jLqANSLj,DCBJcmrE,
yqEdRAX#,EGjSQgE#,Z#FMTr#u,#FecZFQx,#uIU2DWE,jfw#t#cs,
cSc#jgzi,TNuSskov,M6oOKks#,xX#Z6lpg,bCluSSLL,GdB6yZAi,
4W#OevPL,qWIwg8Kr,K#UAWFjC,SUGoSeFW,aKKofx8G,sQaIYT#G,
Y#gUGzux,s#Tknygy,iYUwt2aV,RiDNbLu8,MI2rgvYG,ER0ZoexG,
asaDskxj,D8#OTzWE,hX#vq#b2,S##gnxVv,X##poEHZ,KOLClIgA,
Dj6#kf#a,p4pKzigw,llWJXDIH,pujKaxkL,QoM8ENj#,PGLpYZVj,
iP#fqJVP,bcxjKQ4y,cOHQzYPp,EzMCyHTP,vU4VCXLN,ag#U6#qj,
W##t#XSH,wEj2kbRP,#UKHRtt#,KyTOFk#z,pd#t8TaE,ysEQDuFI,
mnqdPRdx,p4l4orEM,CFfKyno4,P0Ussx#O,Tx2IoddN,hwPEXrqz,
4FjD2FHQ,EAg6#pVY,UVEg6R#n,oR#jgrRl,48Y#MDVq,bbuhznfr,
iSIoJJK#,ALpPbead,m6i8JbwV,l#aUopjF,f##ZLL2j,vp8GDgR0,
ma66lDZG,C#y0wQDM,RFJAoLUT,b0xMfpKB,xRFSsEx4,L#2gTE0J,
jJjFsbzB,a4opt600,XGRnimr4,nsih6i0n,Zh2ptB#D,En0#t06p,
EVMXhcZE,EhTIxR#w,##TCHUdl,fdqJbw6Q,pSNG2MjG,#coy4r2d,
xVNeOYx#,#XKksQaR,HVwJHPoG,ZKc#cceJ,8#VUXsX6,nGrNuBD#,
v#RaWfRV,X#X#gbQm,bJg8#bfx,PGikfVrK,2iVWvKQt,LNAZYpj#,
8xigJvLw,b#QoXg#X,y0U4KIvt,v#ttsMBz,kRP#mAxv,DmTyC0w8,
0oaI6FcB,JD2bnBKF,sxEO#cjJ,wbh6bLea,#pQd22ML,DNVZoFEP,
djBitT#X,4h#d2fla,CclFc8oO,TjNfXr48,IEqbxq6z,H#KHn6PZ,
gbCqh#ea,k#nftsn#,6MjBcp8R,zSwWWmTc,vwBMxPUP,Rh#iHqrL,
cIkm8sdF,jKzf4sqz,Y#jtObhF,qkV6KlRV,#ahbCtQT,bp#fQxMM,
w#gkevYE,PTKxeAsi,KIrk#gek,FlxtSjgm,mwEyZCcO,uVlIvMYd,
soxBELTh,4qLUH#g#,vVzuvJgZ,CBG#lCiN,0QoEzhUE,FFymENl#,
ISBdCRbe,qRkMtAxu,qW6Yb0AR,D6bhTvoz,nZLZOWcd,NuXe4uIt,
oNpyLXpp,#yGV##sr,4doR#y4S,0###vNwS,ATqmQPLT,lpMnufOx,
qaoyJsqJ,rxMUjgMT,#cdZZWRl,mDGQSslj,CJPj#f#y,LLt22fT#,
s##r#YKn,BqcsSxJt,fyMoLLXu,xowxDoG#,vNvuLfSl,E2NwzuXO,
2KbLt6eY,uIv#6abz,XE4HRW2v,WN0vhXih,Fr0#ve#Z,VB4#LdBG,
RFlJzncv,8cYn8gCL,FDSaPY#K,zaMinlWd,0iUxD62K,hY#pfKaS,
l##aZ8Vy,iFOE0KRY,0LvEPvm6,tttGbExw,FAHEGAaZ,fYDdGs#F,
dCh0#D#y,6AdicKOP,ittY#BVg,xwtcYAR#,c8ahLfOP,P##2JUP#,
ljXpSRFq,n#AkHrtS,xB#iQV#E,WbED#tCo,KALDrr#M,wB6b0y#x,
#bPY6SA#,#eC6Hfts,Ne#cD4Y#,F#jDBkaG,tZEAPczT,qbX8oqAb,
DDngFkoi,nFVWZ#Ar,2d#RpyKQ,HIY46wfJ,#BYMTk4e,ZZ8W4In4,
VmVlSGbA,m#CqBRaG,q6sjquvp,rDjtmHxf,#sAU6Jsq,Q4RpTZ#i,
#vzvZ#So,GbR2QmgS,NQKTAcko,ebO#aRnd,nXIk2AJI,JyJATZqG,
NazlmRKA,0wF8n#lI,Y##0BIGj,gnT#khN6,rlrLc#jb,FYj#ZDHX,
EIVeqAxF,VoMgFAk6,TLP#V8ey,4wx2#fZL,XTXmts#o,QLCtjWxc,
GmgBuu#x,YFz#UwPP,pMbQfad#,WNxfI4qo,rGXTa4q#,JXcBu#rR,
OAG#LT4F,EBSmGiK#,YHY#Knet,kq#OqwEe,4kfNdjqR,TjczzWEw,
CABmXNNi,bS4BmIPr,02cbkD#d,WdKt#mZJ,WA#UlRax,Je84VWtT,
WF#gi6rc,j#GqvF8s,ebkz2u4K,GdOz#ht#,WykdEJpV,T#loJrOV,
D8sDCxnh,K#ORohUj,NewpYVkR,ZEdI#2BI,a#kLyH0g,PO#d60wR,
e0haUBZT,dbzjd8Zl,#j6IZ4WO,T4#X2wOg,u#poFmfS,xMbKS#62,
saIrdEd6,Gd#IJPXb,VmyAGLqe,yCWoJ2qb,b8BoNOsr,#taIi#Sb,
rqJ#bajH,Kg6tguCp,DdNo0dP#,GXIZ2A8t,YSz#2SPM,8TdpnPOY,
#Ak#N80s,#Gp8gxze,p6mpZ###,2msnafkb,PEaAK80O,PpU#Vtgi,
ACIxJPCL,c#6kiot#,#DFLLEzy,#tCWVSft,sXYbMAUW,D0eVpH0q,
iE#2iJAj,acg#2tuu,qsFa#x#E,yjAV#yjj,csls#UKi,60l#tQBR,
ifZjM4Yi,owbn4uEh,VYH2SrkW,pG#QwDHM,QH6CJ2T#,y4sCx#Rq,
#xsVYNRo,tTeXwUJm,zNWiNPol,SOWpTLPW,ihRf4HDv,APs4Haog,
VixJ8V2Y,JYlDIaz0,ppds6OVE,EmIjw4Ap,m#6s0#qH,#LiNTQMh,
fZJjOCVq,YBJuFhS#,oYsm#S4b,CkWtaIKn,GrEu4zU2,aBvNTnNf,
jfCp#EyH,Yub#dTsT,l#lpEfpN,OUAHflXx,AxWEbul#,Yuc#oF0H,
Il4myt#n,mG4z#Z6C,w0eHszNp,2ZyoCz#k,U#FtyMQU,qSssSy2o,
zg4ZNRoN,OXbpueJm,jmPS#DKx,ucZkLZGi,fKh#zEOo,BYN#cupu,
PdmWO4ti,hrA0qhgE,#xFzbtXK,rILCab6Z,oqVaunrJ,O#JciZOi,
vtREVMnk,s8WCj0AF,ovORQfAE,eiPxhDNK,#Cp0oMkO,SfqadYNA,
uBrkQ#X#,hKAznljq,XGqjqJ#j,Yvr#ueJW,QaeEa#Hr,TfYfAgFv,
W4MlNTEL,n#UPhCL#,MXKU#rmY,FidfyRJv,VvQInsrI,vjxKVgSG,
dAAi#UhG,dsULjDec,62Srsj#V,BGGuUwa6,6Jo#BDMM,4EylfKyj,
LqLdIU#h,zLLthUxl,BUqcxaZB,MvX#dtlY,R4azYhOx,2AZhsuA#,
o0dW#cvT,FqVTReRJ,iZgeg#Kg,DJx#d#6A,6juduX6#,oZ0fbQWr,
PdG6gqkT,#QWiV2SZ,jmcNkhXG,eVTqLQRB,#vFhVZa0,N6jJ6#Gp,
uRdO88sk,#lKN#Aoa,##pZ0xXM,BgvHo##S,0gE6o6rp,p#axJyFN,
z#KyCHke,WNTkWYaX,eO#ASsYh,C8MlFs6e,vOM#w4jq,PbIM#SHm,
GIUwbSLN,#y6GYbSt,ZDyvHQTx,#Bh8tWs#,EnDNfpAe,VFSTQLkP,
oSj#IcyH,MNOfJgno,DYbRlK#e,pY#dHr0#,ih6YsDGe,qutaIOwm,
LHd6pilM,eqZVQYY6,f#4FGIT4,cleV#IfS,oqXNIgAV,GxOuvNAJ,
ODoulgww,BJrIrEBP,4wBKMbDs,GsVcftT#,6hvsx#Y6,KnPc#oZ#,
UANGJr6q,RZA6tt#z,IA#gBXmk,k#ujxtmp,28#Lxabo,#LsCexaX,
##bG#v0p,DsJ8W#yY,#BHELT0T,CsvRXDM4,NVJUqHj#,a0a42I0b,
jHQ#AQWd,hp2e#MhQ,HYI#F##P,0hT2XTde,B#h#Sdk#,DkjE6AuL,
ycPcbU#b,#Td6Kpkj,qAtgNLlo,6F0aduUM,EJYQDXZM,OdQzA8SY,
Ijfu#AQ#,dRhrjbbY,U#Ov4NfT,Y#swcivU,AImDgdMu,2#Vld6j#,
d#BfRQ8N,Uyk6PPYp,xj2NwMfw,N8R0e#6p,eFF#vLRn,ibr#Yquv,
HwgdguH#,Cw2PF6eS,LRVeBKAR,V#WTpqm6,UBha#YbF,vdu8hHY0,
yUd#ENYy,MUpckMgc,lwmosw#V,Hw4Zd2ZJ,UaRxXP#K,KsU2c8fx,
EzT##V2N,r4MC#JlZ,ScuP2xxK,0pMcyZIa,zBfEwgpV,k#xpTRnJ,
#Py#n4Ln,rwxXvf84,PlHjB6dU,gIh#zEQB,smCPomaQ,SFLlTRoI,
d#ZO#cIp,V0uuCi#4,FER#0ZRQ,FDbyuzeH,CduMqa#l,aCNLURPz,
vFBtEqjj,#uPw2#bE,hFoHQy0Y,aNJ4CxC#,abyOBR6D,kV#mZiYe,
WnTKTTG#,Gq#hVDm#,OVRqKX#4,T8oQql2k,GV4zOLys,#BJ2f6##,
ZYrJUqMN,y8BXrDh#,ykEk#cMc,Mwc#Aj2z,fsg#Q0Up,#tkA6zIC,
TkWWxJ6j,diiNzikN,IAWzBPYI,iggnPYZJ,jUDOBK#O,0nzyFRlo,
pfXY4TGl,#XGWTFDa,xhW8Z#UX,otv4iQqI,6lG8cntj,i#dbNRki,
8gr#il2G,NyI#o6Ns,puBBP2S#,a6gVVyd#,PC6#W8LJ,GsO#wAtW,
22vR#oWd,sc6nJhoy,SuDOAmxh,MjijTLfT,OKKR6E2w,R6Rylf6d,
HH#i#yxQ,QP#HymBm,4jbbYbFN,hxlDKrQs,8QI#mdXc,04UyovTt,
O2CMehxv,MS6xjXXp,LDx#QukQ,xcmVHfmt,iWewcLZY,C6tV#qjM,
#OTRgbHN,n2H2h#ux,YG#8p#4#,#yV6WeQY,0HPgTv4e,xJhMKLkG,
plMOkRQp,pLtlXjjX,##dSCf6#,WlTF4dlt,x6iRX8fm,RIFM2ZH#,
4URG8VN4,hGJlS#Pn,##e6btq2,a#Mc2tb6,l0KrVxwc,cdy2elpl,
qBrB#PBd,VnnVQy2#,yKBtg#Eq,iasvvPQT,qgur##EY,q#UexUn#,
CWvS##ii,jINMxDFW,T#nXc0VA,ZNMxF#Ai,4#8#crlv,#8fFMUBD,
#WAbUwLU,hvpVDZdH,#lKdK6HS,cWxYR6AQ,0a2VELPU,hePUb0zc,
jho4l#Wy,ZtuOx4Fx,dHsPsfJJ,ryBDy8NS,q#ULcQhc,hM0OODl#,
kMRL#Ast,#24FaPvA,ZpkbdBns,nmecZybi,k2#lBrMG,tQjEEPeD,
cyOoaaQv,w#FtBRJV,RKeqa#6D,Pqhrdu4n,0TL8#ACv,DhYe8G#Y,
oloyktc8,Rrz4TErU,vb0wJCZm,SXy0BFW0,0jylMIrD,a0F#C4V#,
fUBYuAim,wQl#vh#u,ACNkkeVs,eAuPDnWS,hwPM6#8A,WtGpJLRh,
nEAIQv8#,4CSH0Mxf,ikZns6Xm,xDJgnBwK,d6q4zz#D,bXi#JQn2,
ampAskU0,WEgjdK#q,Quuq#z#c,ukke8Hei,#BRuVJuP,nI8ytaZj,
CrHDZJNt,##FbMTrO,ugio0Kdl,skUVuRd4,iUHfBsJE,ymNigd4K,
tm8r6kLx,EFs8uDaM,wR0#hHKN,#v6jIa2a,v8Bzsm66,ZxctameE,
bcKtTseW,XkeEtgOY,onvRICVF,#8#hslUE,xE#o4ji#,CwD#Kp##,
NwYt6R8f,Zdvqwp4#,##p#qI40,cI#X#44S,z0lFRsTP,DofaLhbM,
oBRMhTNt,BQqHVszs,sT#kjY#W,mo6#FiR#,RGN8AAB#,r0QksqMV,
hRfAQowa,KBgnT#oK,KbQkKrr#,ritUGdNX,42vSo##6,AftrkPb2,
Y#kIrMRQ,4iKIvvFy,x8qT#pZI,Eq#XfjZe,ikUJ4MA6,2iOyMr4j,
zsbGS8ow,xwrMPrY#,JTPLDnRD,DDbp4fHB,IQhyYE4v,augXTc2C,
#PlEaciM,Pt#RHOsn,EHTBjV4r,pkoixpSA,cddnpv#c,Yg#D#tYH,
#RisNnUc,FgtaDlJQ,zWdWri#n,y8#BAXhJ,Nz#AU#KA,idIVzrL6,
nW0Oc#aL,e#kO6BvT,#Cr#EczU,niNWJz0#,t#RE6#nk,aH6hhz8o,
cApOKZI#,hv2Y22#u,#T88Uvq#,avkr4qPe,Yd2IcKOr,eQpgSrKS,
kQ0clofw,TzVYYJcW,WdD8Xrxb,hWq#l8ZD,ZXQkm#Of,DIbBrmvn,
z8tuz0GQ,U4WgcVRb,RFudLgqm,YCVnWqKv,xdZ6bDV6,HRkSKb#B,
RvMAKdUI,NP4JdOeK,0bRbNKfs,zxkjJmTy,PF6zQ0gD,Nkm06yL6,
IAgvktVT,#gaIA#en,FkXvib##,tr#zYMEG,kS#Cl4tk,iE2SDegi,
wbMMmTPN,kRmiB0WW,Q#yaa2uq,EvhhJxye,Gk00dONv,F#Oe8IaY,
OH8WHBml,6DAN86#M,q0MBOx#r,FRFNzQJn,vQhcrCvv,d#gkag6y,
gR84odv#,48OBYyXt,oeDNO8g2,ewmmMsU0,j22GfvJh,EyTC4Q4s,
2HdRQtT2,ZdoKDiKX,lNByikQU,QHxUxzmz,exq40h4Y,usI8Jq#2,
bEAuWooN,#THAq2aF,zyHyOMug,ccmTApVM,#ueWQAJW,sowSoExW,
bduZZWd#,8A#GXWsZ,qEThfAbH,YFxnk#ht,gJsdFDmL,dprbkS8I,
w#ZLB8qx,OYS6##zh,SZuxCQgQ,eIZyA#g6,8eQHkge6,e#cfeJw#,
GYCjPT##,z6x#bLbh,X#Yiicou,hzKwieBZ,ddg04lZB,pwIAhURd,
TPvbZREh,qmLHymEJ,zSJCdGdA,cWasOZFH,M8RJZv0o,PJ#n#H#F,
zOfKvskF,ms#8pKQb,SFUQ8TcX,CfiIUnlr,cybFYtkj,Tqrg8frZ,
SjP0aZVL,eer8BKzL,iIqg#Jz0,#ZgheFg#,W###2#Qe,dhmMZTyh,
zWvGF#EM,2S2exgjs,kpxkonzz,CTjBLPQi,MlXpoBao,ucDZqUrK,
hW#DhAcT,twscliv#,Cqt0#Dpt,N0rdUQWa,NZN4z0W0,uodNFGRh,
6kf#VCxI,CYVvMRDx,OqCnowmQ,SzExdtMj,N2mIETof,PjIA#l#X,
JHj8dFY4,cAzp#mGO,m2u0USdH,aThjcpeW,4x2ga0km,zTLCdppz,
sTykML#U,DhdPEpJI,VLY#Kisj,abTnBiX#,cvlWekQP,B#FfqmWl,
8UpSbR#l,02GzlBAv,4Tpjcf6N,eJ#E6VYe,Pn4Ycbha,dYKwxiZC,
aoTmBZ#P,J6sP#o#P,L#NVe##p,ZNUw4T8e,g#yR#DFI,I#xJtwwc,
xi#Lla8k,W2O0UXca,YKZXnEF#,JaNaEhmb,zrUSA#aw,#ZwXWI#S,
q#QLJtPr,CABgRWqr,lkhVnsrr,rVonBwd#,B#LivAH#,ahj#dJqy,
4IuraTSz,NfWoJ#qi,##ACJiHR,x0QKIhgM,XIb#A4En,hyL0F#iM,
iQoZ6#QD,2HlKWCwR,iHUSJyfY,4ZYH8gup,#SobWfPW,UaGOKaF#,
PzTx##v#,8uQeIiDL,b2X#fK##,SFXDPAEC,#x#eEDlK,##XNsAxB,
AuGPcFW4,kRH#rjJA,PRMtu#cz,f#kHHRii,jW#vz2AR,TfYlzFTo,
uEPWJZvW,8OBQFR8X,Ndsmd0b#,g#qNLh#f,VWcDWFz2,tbS#2Y4O,
au8ntksH,rSsc8zq#,vAEpfesJ,niOnhQbp,iiMLCdq#,#ScbrCdV,
cRkp#M6o,#UMkIVJ#,dtKNEbNI,#ZTtz4oJ,UI8Xtfmw,#6OQZvRb,
YzWDKJjM,GafdfDW#,j#4Mgoil,u4bsz0Dw,yz#ihq4V,Aj#PU#We,
4#0kphES,lPiTOVpm,swCHWHDw,YKkTNg#S,f#aDkOtE,CLxoGWK6,
skOo#pSY,#cRWrWME,ZXhkLKWl,vtJ#nreP,M0bNp#Jw,cAqDudfu,
8vMRdIdJ,#WQwo2ja,2sVptFVF,dkgGxwaD,ZUucAFTJ,CKdYMw6N,
YZcpC6#Q,qjwVPEyO,w0#6GUPg,C0cnwg8s,fiPSoUGM,eaH#MdOi,
eNoSFb8g,biBFyJ#N,#UDoNjaZ,tSYd#Mvh,xT#b2frd,x2Q#JVTK,
Qw8BOhAf,#ytcjYuO,QBZSRq4o,qUu#QlSE,RYdDfNTm,jkzAi#p6,
CmZtL#Qb,VkjJF#lu,#y6nlXJD,hgbxhyES,VBjGC#Px,t6f6fAzn,
#DIsAr#R,GfmXN0PI,z#mbgcHI,iWMyulTD,WB6w0#lG,mICaIpQi,
wdrNn8vD,2f#xB08v,Bc2AkneG,#QOMeF2K,QtvbAYMA,eW#NWgiw,
sk4KGirJ,#fvlSx#G,ZzRxxE#L,yfystPWT,#0EPj#xo,g2J#yMPv,
lF2Rh#AN,m#dNWaF#,ajTrkqPA,qwJYjxtC,atrpD2aZ,#nL#xq8G,
H###pVBO,rjKKOclW,FMjiOtgX,Q#0mr#28,8##w2Iku,Z4cNgxHW,
i0c4ts2i,t0ES#GYg,N#MQO6iL,8uzp0eji,fvmGWmYn,nAgugcK2,
iwQ4A8PJ,Cm6ABnSQ,QduMztaU,#opiA#kS,C8WcgKTQ,6XrHkhvb,
u0X4r#Ws,tjK2r2S#,aPdox#fD,4ElpVOyq,MvsdzoG0,Iq2#rVaz,
InYfsbSx,PbUKYsaK,XAYuZEvF,2xMrqU#8,fZlIacdX,n#HlzQ6u,
q2ZnEs0E,ZK6oE#wS,4Syc4L#p,SOJpCNR#,NOorgp#e,##CMe8Eg,
Ycs0VzoL,m#aYSZZF,Oo44L#iU,jUGx#iOX,seWnMk68,pe4fe4S0,
qW4b#l#m,dKSc0Gar,S4MCoTIL,#N0jRSjf,OmqRHteS,b6#cKdDA,
hndDgVom,ImFxcZMY,laP0E#QP,#VZR6Aql,YDWcyiyf,EeKObxMw,
FCujDk#J,e6yiFYCB,ByN8Rmnt,A#iLC2fi,CHzgZGXd,Lvuos6Z#,
EM#t8uXG,AdpafCqS,h06hE#sn,wWJY2I0F,t#8BC#gc,gDkwgLox,
JsMlvfJZ,bsYe#YRC,#ZbH#rRj,#cPjXbOE,DBZ6OG6Z,#2bgY2S#,
2#J#tymw,IcNFnBhZ,ah#WX#W4,##k#8c#8,eQbHoxd#,J0K#z22I,
h#Eedyhm,EBuMMDS0,t#HPASWi,QFlpFn#W,qI8Dgp0U,#sEL#uLu,
xqj6iem8,RHvw2zqs,hy4vY4oX,u0GxvrZ0,Pg6#sqdj,#GN#ddAu,
ME0IGmDa,mjFRKCSz,SWElnPEs,tsAHD8bp,M##qtKyQ,#bHLNxiF,
sUYPJDfd,#PSGX#4H,b##ESDsT,O8DBFVf#,OdSxO8IP,XAuTCyyL,
FGnxhQp6,Y2HBVUHJ,8zfUFVKB,ueu6K2Pp,GaVYYi2W,kHwdCbVK,
IaCo#mZx,yrBitoG8,zz4xR4s#,LWmn#h#P,pIdr4aYD,ByT#Wx#v,
6d#Vht42,ppouEth2,#tteDpPf,XGiUerni,CoeRPgRc,DfEiHWkQ,
pL22aPh8,wx0IWlYy,IcpvrfI4,ummbiE0H,n2IyQXEm,vC2rX0YF,
blbCARE#,bZesBc#Z,dPx#N#ng,LpHInDmy,Zv8xkNCv,KPXlZ#kc,
SRfFYAVJ,ZBqlcKTb,f0JxNj2v,6YQ4#bgT,0uxZ4qG2,Z6ncQel#,
e2AZkBuo,xlswuHpu,#Urbj8bi,cys#LM2Z,OBZ6crtH,MTdeAAHH,
v8TOe44p,Bxqmjsj#,#gadIDSs,u#H#GoK#,uBVJGZ6f,wwzNWSRY,
###PC2h6,#W#JkUSN,vLw#LAof,4X#0OSWX,T4Kv4#B#,YLTgDJ#8,
txge#Erb,Asaok4jb,8#Ec2ekY,XbfASgGl,OWxTzZ##,pbvIfOTm,
RwwRKQQF,##fUjTf#,OLZnK0u#,bZPoLHIA,dfrV#hA#,kNZEGcJs,
XGNFGhNP,eCcXhUxu,#ZndeVkz,IhdntUNp,BB4hSR##,sh2Jbyej,
vzwJvOgb,#rwwmkVX,V0cLRhOj,yR#Inf#S,MxBflSro,hVUDfQy8,
OLUD0IVx,xWfU#eKV,Jkb4aAqr,vk#J8DRW,mLynstUX,p#QyjAr2,
UC64auuE,OznVaePx,YnSoQMlf,RbLaKdcE,NgHWKbAw,IVrS#hn#,
CfrtZNGO,WsYGD8jq,m0m6#UBP,P0FXf#0S,gslefZ2b,r#Q4##tu,
#NyeI##x,aGspHtfY,VAc8AchZ,b#2jgvNn,ilB0tCwD,jY00pgWk,
O6qmjIku,PmN4Pyp#,U#6nBAYU,wWVWaPeX,WFjfnBHa,XvcK#CQV,
BUgcuc#0,#0UhN#eJ,OwW##Ej#,#wNa6D4H,xiTZvY0C,WURK#6tP,
AqWH4gIb,KwjQ#nvF,GoE#lCJh,vAZwErke,PgUTuA2c,6l0cHvRl,
Stsd6bsz,Js#oTnAI,Csz6#zj#,ShjzN8SF,CkQGvgff,IiBzE#fg,
CMmDlDIc,V2LGaCjK,W#qspDF6,UeDynTMX,D6AXKj#D,jSjruCcr,
JAR8euc6,IQC#Ho#k,szhcQoN#,h4zJGLan,jZuvtGB#,ubdbxcw0,
LLaCaYJp,2g8H#h2j,gwOIdoPH,z2R#el#Y,6hyedfBe,wKVvZVOd,
sDTDZJiy,L#FYuKWz,0sLdHnrd,#kJ4gxfI,8#l#SBEB,Lhzd2tM2,
VwdDTFOW,Xx0d#fTb,mcheOTQx,anKaPxaI,#ojU#8OY,DMaGZ#Qm,
g#A2Yoz8,MjjzOrhP,PBHQHvPk,hZ#h0PBe,UbgSANYk,#fTRHaFw,
JmloQ8J#,#Ik#xVkr,#yhFkfXp,vQgcYVGG,g#44#L#e,tqkYlCpo,
8E#sUYRn,O6xLZdpf,fthofpBG,PVF8x2xD,Hw6zvVUh,#r2#EpeR,
Tug6TRKG,KpMfqhS#,OYEjUyyT,XzUBY#tR,BHVswG6g,#Stt8lyW,
iadaGL#D,kWdj#E8A,l22PI6#J,Wwd4PJY#,SbfyVhaf,dlwcZDMi,
FM#lSa4O,GfRvXPBP,#OlW#t#g,OEsLfe#S,0adSkfFY,twsol#bk,
PueTYm#K,0CufQx#R,IiH0vkXW,Qpkaovub,YJ4W#eE#,Q8gGElvk,
Bbi4vf#k,Clu0PYcN,FeHIsjLi,qZX4iqoT,zEY#UXpw,gTv#PFQv,
TvdkNXCd,WxfdWB6v,f2A#ZXEg,O#jEKa#B,DkVqfwBa,#QnZptvF,
u#MtZoHN,v#rd#yPM,RIb6eMgg,BBd0#GFx,Kq0JOGui,HWtOsiyh,
#JofuCt#,cH#fnHM#,#KMTqh##,bDTDVsVU,#h8BRBE#,gIiEn4Hu,
NuldLvjU,8cx#CqWM,F2nvD2yU,IPw#RdxE,FSSqn#kt,lQvYepKU,
r#p4#VWN,IqSAEpcj,i2IDb0#x,OAt#ZbVq,gismdn#W,N2urpGJF,
HpjSpopc,YSfX#8li,qNCBaJvW,LXn#E4Oj,t#bRvB#r,rgoroJJM,
vjnD2TzM,QVVsZJLr,PXiiwlKV,z6mXO#Hh,m4UnVu#K,n4cmLWNy,
R#PlmxeV,BzQpCxGX,Azkv#rfo,vqIekwL#,xAuU#GNG,fE6S#KNJ,
h#diwqGZ,Opd6TWfq,uHizo6gD,IktP2exk,jKCN8hMV,GY#xUhXn,
WeWikaU0,snPtAmLR,4lFbCr6g,n#NimJFj,XzBfIvd8,R2Bpnmgp,
ITAilGzI,MkY8#BpY,#ZbRsoZj,rzGMVXbB,QMU#qtQc,NMjPmINv,
HZkanhrM,Q8yK#IlR,sd#SEP#s,BmfX20qI,ZKQl0h#O,nCyokSgM,
#hCK4FaF,ZnB2n#Il,KyEKNJy#,j#xBVNlY,2YG6BQKB,blBzkjU4,
RwMEfjNx,ml8h6uf#,sWd#KXCW,gdtBwlDl,RoY4FJB#,4Kg#evgE,
ptH8pi4D,vve0QQjF,ehJT#lS#,#8cjBqX#,SC#hUbUo,E#muXF##,
XQ2WbSZg,0axBAuAq,#HHXQAju,FFWCj#Le,ULa#B#mB,hRaQkJgp,
qWkhuEJ#,jGJAJsOB,bYHM6#ll,Sv#aeozD,iSSMwBVN,hEoZ4cAf,
#f#demw#,PGf22PFk,Fx4b6ZWm,BklDvTSC,#TPlflq4,ZG4ZtJj8,
eljlidHR,w0u#RmBY,fqksJKvH,qzGThY#v,jiOAwvr2,tW#liCjy,
0BYHmtoK,##EiZDLg,UAQq#iqx,epQuZ#0Z,JZG#q#Nr,4pH##tfV,
#4j6mHBy,6r2#z#4g,0IjqJ4QL,sxKtY0o#,4H6ooHUs,#UxEVzUV,
fbkXd8IF,Fr8CruDt,#HRvpJXu,Ds8z#0sf,#McmUS2y,j8aKDLbM,
t0iQJdin,GqUFomUv,#6R#ZRxg,0FZBralS,bBGUPYft,m#8Iw#dD,
#2C4UalS,PkresM4D,oKwbGJE0,TMInNTYV,WyXOGiEu,A#I#RLEd,
t8maS08J,LP4wI0pC,ynqfD4Je,#pfZaRaC,YxMQvSxe,HBLozaY#,
vpk#r#lz,rAwzpGbn,bVbHOITt,hEPQNOYg,dgpCkKbJ,iHiImu#x,
pfcbX6Fd,Iu#tgZKt,g#6ySfha,XxQj#UOp,##y6#bhN,ElhUi#ow,
8s40FjbA,P#RQTGd2,FM#KXoxB,JOu0NQwW,izWVQ#wF,#nuY#F#I,
p8slwYUe,KocyeGsu,foq4sWHv,jbtlPs#e,ysz#quha,SrG##8Bn,
vZpXV6sd,gTw#mxjS,XRVnlawb,BaiJjS4M,RtJLz#WP,0sUkXcdV,
#8gmjKxU,VODeEHYt,8FeIOavM,Ao#yAkrB,qHXJsuCn,gdzUTxo#,
cCHYLdKl,BRR##iIA,0Fhq#TLo,#kg0PEZZ,fHXYUFht,v#AEpicp,
VsN0lymq,SDoFhoEu,#zsXfIoK,RWmgexE#,Zr#iYuHO,##umr6Pu,
GfpVXNDM,JX#VsF2r,48I2CpRH,uj#UpOo#,4MWZxzMf,vPaVsbnw,
h#xRsmwU,DxO2kb6o,V2nsA#H#,WQYmZjRg,mo#MIDHl,8tlsEpOz,
qa0YjF#e,vXAsfrIz,NNmto#Mv,w8V#vKGV,UGRbkQnP,OWi#lYA#,
MWA8ZnDu,tzBYhfS#,UJieAG#m,CjpViX22,UDaR0Mlt,jUpyahH4,
#ZiBDjXd,Dk#VhbVb,O##MPkd6,fDEpSlrT,jJsU2p8D,HhyXqr6d,
v#ZisbpH,O#4GnvyG,c0yeoGS#,Vo0mO#zj,cwBEH0jt,2l8pQG#0,
EBd2i#6d,p4xd#6wm,B6Yi4iM6,BUvqyyqc,aDdqGhB6,l#hvdOPO,
SN#W#P#F,Hw#f#tpd,#CBLTcRd,j#GvVvhL,imHkbIXS,f2#kvvvA,
#6mZgbaA,iQ#blkWB,HETQkQHz,QMRmfmUl,qeiHqsfG,giSzCMah,
o46JSLiJ,xa#LuX6T,cmyAONg2,#6BFTLVf,NZYGKfpf,ns0Rn4Iz,
qg#c#oe4,sPIjzDzk,CxYkKlz#,NAX#CFI#,WOdXcq2C,dKWKlt#V,
Y#fJnOQ8,mNhZrY0n,MbiWBkyP,2sznVCiU,ExBZkr#G,dpDElBZ#,
Nh#mCzbE,2J0VjiNV,OoU8O2M#,pqDK#CPM,RS#tpi6p,Z4ljm6c8,
v#gj##iu,rTcqv#dm,RkOgCSGC,WZTg##py,aDPfG#J#,0TutUHOL,
ZA2BsGbm,D2CI6#fe,F4ujabn8,#RAZwoJv,YL4opgK2,ikIokVDX,
0#e8eBgj,qQhWc0p8,Juu8Ic8Y,xOlRKWMK,#0SfA6x0,VMV#Mket,
MIzsVHrq,vMfdI#XH,#NUzSrAN,dtSXL4qy,LZ0EEp4a,bhnRijyh,
4tRUSpF6,Sw#DAs#l,p8X4x#cJ,ixAyO#QR,AFLs4rwU,XwxvWFRl,
NOpkOz#4,#ADVHrKf,6wF8Va2S,GxlCccXZ,ZliLUhNZ,PoTuPDJT,
#p#2z#Sd,zePLoKLl,##6YgSV6,gMA6qkXv,HZye0qrx,Eej#Y2m2,
#rYhjTnz,GYD4gBzX,y##wwy48,Mn#KnwKo,XIFeC#Ng,#pkf0Tcw,
Zj2vR6BB,rLjMf4aa,MQomR#AQ,yU#wMf2J,y#cn#NYz,yhlNjuV4,
kjqbr##Z,T6uFjwmR,zyeHmaeS,pxEJ#zNj,Tduicth4,xJHQe4FN,
CRsW#EPr,ct8b0VvR,6Z#jrplW,82Nm6q8H,iyDhdsGn,TOyUJ#LQ,
#V#sksos,s#NzyVgQ,tT#EkM#d,AA#iDR8E,Kd42Drs#,yfE6aSUC,
K0g4Kifk,QlCtaI6U,T8WwzmC8,CecK##mP,#BRPR6#H,pKazqerk,
nlQWIq2i,Df2Iknvp,YmePqlwO,#EluTNOe,6C8M#b4E,o#kIsP#q,
#hdxCJlE,lF8csUqw,wzjxInb6,stMUgRip,8vVIcemy,TsKjmbQT,
I#qqsAwV,#gNi#6Hd,BAVMNgkG,I4Y#dOWT,TmjlUNgW,#2e88TlH,
sftfvLTb,ORe#DaTw,vcSpY6j#,8vaentUP,In4b#XlV,NzUqKNXf,
0NCYRWX0,p#cMz6Bf,sDpzzKum,joK#cFga,sT6kN#ic,#uZEzARZ,
cgyJ00#i,oNlytAGV,tKdgMtsR,Wrvv0kua,B0TB0WTm,JdTcLz6e,
khs4LUVH,koaiIEsh,EjTCfKYW,VR#GpbSJ,skLbdESv,02NIEd0g,
wRSJzRDt,IK##V0Om,ixxtboYb,qJS#WQlq,Fc#c#LFJ,tLPnLBJ#,
#eviCru#,bk4#anuP,zB#CmFkO,q#b#IS8P,6D8H#AIc,UMh2#LPJ,
lQjFtBtT,IE0pu#cB,KiiNSYZK,KfKR0zAl,oSZRtsJa,#JzzQLaB,
4qmUokD6,znYxVwRj,oQaQiR0n,zzXpi#Yk,uldSFOXe,bVJ6pAnO,
qwEHnC2W,#Xkr#iKx,DVngJisS,dcZBMkpb,Q#QeDS8K,Os#RLTmm,
OHDx0#qb,fnM2F#bw,aZILPQtD,hDs0wOmj,uXOu#cDg,xogdxpJG,
orpcfTPw,wgu02Rjw,M6YNiC4O,Yk#vKIb6,#zims6RY,mlYoagVV,
mRICrKqp,#rVN#4Re,Baz#gqZC,JYYScRNy,Jt8aezAh,Yt26vTk#,
#R8hf8RZ,4OPgFAMo,#Uxfr#uq,yuw#oO6n,GfFVluSp,iFFYfpkh,
jRuLWX#s,rDsNrwb#,LOZ4iRtz,v8vKxP#P,FuyBrH2S,kuGJYPPK,
DMMTBgs6,mXRSLQHq,kdZJUZAc,rgVq#I8G,sUz4a0av,XZnGO246,
f2Q##qjr,EcPHTXll,PUnYSytQ,vQujQxq#,zeayEtZg,DOXuJgQz,
8bx#J0Pd,OjwEQUHn,8RWKiT0T,GVonbcWk,nrl#paid,rOPgHuDP,
lxABpyv#,uTqF#nXq,MivcqLnQ,yb6fFH2Z,fCAEb#HD,U#iXsgmf,
wPpVBML#,XPoDwqAJ,#anac2N6,8#4AhqNM,fcHOZqXU,fjvJI#tJ,
eORqREwX,FyxXWlJc,vqYuOWn#,dSKVYdCa,2tAR#4OL,DjIzCrJ8,
PIADCXEP,OmLKAnUA,PsrUwdF#,ulJ#Kqdz,8NaKJMAx,#jfHG#hv,
BGo#R#fl,nWs#mFFt,rNd8ALDH,4SoJZDcy,hAD8CStZ,OU4#xJCY,
xP4#zHKB,z6kyHv6Y,#I6HAxEn,rJwXq8VV,X0YuFI6f,MoLtTQrX,
yvE8#hts,YZpo#ji#,hgxWXB#J,0VbRJAOf,6rn#IRxG,OV2WckZt,
zwnw8xd6,qmX#XKm#,bH6TwBxl,wzhISg#r,KvVS28Wq,vSxqCTrN,
AxE#6#sD,GJjyXrXH,WSyW#umu,kRUWIlHi,QjnWsPx#,wPFtgDba,
vJ4uboWw,fQqX#6dX,pBSQopXV,cCmqdvAH,cC#o06Sd,Uia4omZM,
XRClfxer,#zSl4q0h,##F#dvf8,NnaaJ#WG,#w0e#eFa,NvvQUt#V,
DKWOfbW2,z6aie6Xd,CXrF#4OV,AjLuNSpo,AjcPt#P2,b0ip4dAF,
8#ii66dE,oW6bMvxm,MH#fMYfY,Wwl#JWES,VW8Z#jDr,fJA#c#lX,
Muczqsvl,YOkFIYxE,UFBVYdmb,UUa#Zt2K,VehmEMHA,y#ghXLVR,
puLlH#xC,0FHZ#JH4,VYoAI#8h,2oyZ8rPv,VAQDHldF,#UF8Bmcw,
jB4#EdiH,zOEHftcb,##MJmZol,R#tqoEWF,f#GRcXwL,Lbt#CDaG,
EUpZRLkI,NO8bs2OF,#uudr#Zb,aqcM#kqI,ePH#zZLm,LRvdTjQT,
Nj6di#os,tycxSDd4,qS#ZRSlD,JQOA#DtV,Wy6eBuE#,0QCSrPWS,
F#PwVb#C,ZUc#xE0t,c6FLyjQy,#sozfipU,jepenwOn,qYsVAqmK,
u#w0imwq,PUX2amVt,AkFYOtjd,pJ80#tKB,sgBLD##q,#4s#qlCY,
FhUsKdF#,UL##eSCH,8dqJix#h,BAqZT2Xz,jS###E#W,pgXE6Ajd,
LJW4g4jP,CKOtML24,B##DFcz#,ruHv2YIO,HDQVF#If,RwICfJGP,
KJsoUZrj,r6Ou4xiJ,86CNdk2#,QIH#rlSa,2iyUfXdH,#2b#xrMF,
voqIGqNw,8sxALoKO,EgIUdWze,WIht##6E,pwk#W6z2,y6Akuk6#,
yM#JGAVC,gc#pf##E,DlJxriyY,n8gPrmYZ,6XHNvCpL,Pr82y#Ha,
toFSFdQ2,m4RNoOKv,Jrif4FYR,6#TDeyLF,XqyACmAW,ppHNdriV,
RyaVe8Ki,dDTqcE##,#BHFWfBl,Ei8QHpLy,VVr##bqf,PhDZWI6Z,
iLCe0bzE,tFu82fFY,86#agtn#,LY2FG6CY,PcaPnHrO,nWWn#Blg,
GpqUQLXz,JXcn#OkQ,YuFlc6#x,04U8Deoh,BMbrv6Zc,#bz2YRSW,
mviwAp#y,rVG##4kI,Ow8jA#vC,i#CgUvbe,YtKyQL#i,FLlMQFtC,
#BWIGpkW,sWdnpoBo,PkUD##VI,NetBUWd#,v#Jbx##Z,WiklEWHr,
eC#jD00o,ftX#p#6S,gO#LP8LL,r###ZMvd,oAv0ytmN,WkSjtXbJ,
LcvAkekL,hpPf#kqy,STwqmScg,c2zDZKlK,UOjf2D0h,0Nw##VFX,
Obmb2ypc,AZQAHbkC,ZDRZePge,BLoEE#Cs,dWBdu#p4,YdCFmVhj,
w6iLUxXv,gl#UlJmw,FWJ#V6cT,iMyEHOYc,UeXOJShZ,crRx8c#O,
8MV#Q#W8,SsNxgJH#,VCVFvdCH,CueKGhwM,#qNRvH0l,#LRouyxn,
bs2EDDlf,#zYJOsvP,SgGmXGH6,rwuT#Zhc,shQ#SbhX,IfGwF#ly,
pZUmGzr#,6TX#Rcjj,t#kmiBhY,OYuu#N2x,MURqtgwx,8rEZDVg4,
2AokcGiY,EKsJvsei,m6GOkajs,BYreRFjU,gHeqlvoZ,dPHHhVXC,
ZDokOHKn,DaCvPTp#,yBtU4QRg,FyXUsUwr,xSJjAsHd,ChGpa#tG,
FWAHMqXp,WUkoMOOi,FvBfViqx,x#VHcomP,iUx#kusf,nKB#xprc,
T#pOjPkP,Wfw#BSWT,NtW#Ynkj,#UsCjSMa,TbXa#hZX,uu4#k#Y#,
uTbqgtHl,naYF0KNT,UK#VZ#St,vVwNWtTo,m2NCvuVR,CRuCChtw,
0vpZwhrZ,aXM6qDtK,Fek#Ig0j,#sTHJnbH,QAHmQ6j0,###sHwcm,
KxvqLtJQ,VDyDYHkO,iZ86#p4#,s#z#FJun,eXOZrxQk,8mX4#gSj,
d0pjpuqQ,BXXhGrCV,pqSOWG82,24#4iZnv,YNOlfcbQ,###OyIJV,
8zJ2gQ#g,Sck8#ID#,tqrIAAyK,HEygmfbs,OTt2Jyjz,IBHRhkXK,
IoqjWZ#E,BxUVM#ly,UOBDmSa4,tRUJaRtQ,dU##R8Nq,FFjrHEYB,
rxdLpnOQ,dIzlx#bI,TjRIrD6#,gpuX#sxq,XKck#Ybg,GIBbHLTA,
2IgrlmwC,L#xLr2bp,MlJQjS6X,BG8gp#Rr,K#S#spDb,o#WPb6eW,
rYMLQQIp,uRGTQvky,AdC2AfeW,m8LyeYuE,UepI4#8z,WMqLfLjP,
WTQu#2qt,8b#n#t##,HoKKtQho,CH#PssCm,ksQrsgSB,qUWvlVx#,
hhNK#28F,JhucI6w2,xnrZBjyZ,bsvxn0yE,fjpklvZ4,NretxLt4,
6U2HbAFl,#aSoaq#n,HoH2TE6E,#j#C4yF8,qFPCduXe,CNDKbE#S,
2MUTqYyv,fD6hcLpC,ofeBH#Qi,Wt0##6Z#,SRYhOuM#,8QlkzKWX,
X#zDipVf,QTkTZiWQ,#S#XnR#v,GkNf4Jd2,SKF##ymX,pGQnWKd6,
Ci#Z#0sL,kf#pZepP,W4Y#Ai0Z,ZOkVyxZa,NZaTZCEk,SDHPP6CL,
8BQIROFQ,C0KavHlh,Gt8G#KYV,oFIdLlZT,UNzLCeAe,cknGZIVG,
b#keNi8b,XQnGbmz#,#8RJkrWv,Jj#I#4ma,#EmSWu2R,jpxuJ6yQ,
cnyvOu0v,N#bMbwUg,ag8#J8W2,vsuew2#J,pBcb#cEQ,jQAukuKu,
IQxrZuru,UWHqYK#m,ljvotaeK,YOciiUKY,LioIKPaE,LR2Iza2U,
rxiVFuDD,iQTyKCxt,UV#CIies,#g8HqazQ,FQJlkmWB,aO#VqEmi,
xuUeM8GT,mOANW8Bz,YkSgGNRR,BZKZB4h#,y#lkhZcB,LKoHSZeO,
j##YUUPt,TxstBJA8,STq#SCID,n#if2w2k,D#gv##YT,Aqk##UhX,
NI2DiJgF,MyTM4V6G,0mbZn8SX,wc#E4mzP,2CsljIY#,eRRjKWXK,
g8KEgAzN,LEpPZYD#,y#kPMjSY,aKhTEeDS,lluzW4kF,GJsFG#Fc,
#Z2TiURr,C#kelV#E,fzebDyOk,ggXWkC6t,A8mS#dhB,izOCvTgK,
ssT6#Foh,VjbfWhGw,o2mneEWw,bK8GDno6,PfaOUw#O,Pe#JuIfS,
KAdWe#rn,Ux4vSqzI,EJwwdAk#,MmMg208K,AlHMt6#n,BbSuAscc,
#GIng#o#,l8jn6q#E,JMocQwxs,FoWfO6pX,M8i##E4s,LlNRJUur,
FSBvm#X2,xRflXFgK,LxLSbNiU,6#KOXefA,4Q6rX#tu,TINQl2y6,
zjWI4cDb,hnZdBcND,2R4YRxsK,eeyxg#CP,oyvrJ8AY,vxb4JXIJ,
MMHDi8lu,mUZAZBnl,8SKR#kPu,R#xAWfiI,ZZmf#HHr,zHZwimQq,
dAhcV#GK,4bl0qDGo,A2DGIl#f,2#MipCJA,aYM##rQ#,C###KMpk,
M0Ysl4Il,#uEw4l#e,hRijg6mR,fqSXahfW,henBi#Un,xwRBRWN#,
M#o2bKTq,aLlk0Bfg,PCP#HJsc,ejN#gAa2,Gw4PhWep,FzKEaZUZ,
zH4eouqC,OdG4LQ4p,n6fC2t#I,2JmbIe8f,VdtjFTWt,4AxQqzdL,
GsnITnoW,6I#NUd2N,ou#4n#xq,z#eZCrJi,U4ZNrlHy,2KlWYlKm,
PPodOWBn,XPkzg#Q8,8NWz6B#8,mo#iKPEz,C#KqXlNU,a#rp#fxh,
0rO##Sfn,giF0#hyH,ii#dCS#K,0v##IHoH,8aO#2#uj,i#hnpP#F,
8cRI#Us#,pC86juNp,EzzFA#WQ,#dey#jb#,t0RwVhxi,TFoa#byM,
K#pj6l#f,ylLzCXI6,VxAQP6#G,LvPTFnDn,s2EynMOT,#ztIubOq,
Hmewslac,PZ#umGPM,Iul#e#Wj,Gp#bzPze,aLIC#SOU,SRmcxbZd,
DieRp#b#,wcc#0Lja,v#MASzuI,qOUYZR#D,#osuxDy#,OK#MuoWZ,
qGzgf#YG,PQCMGLnN,#QiGrOId,yPZ2dVZB,AyRPxNtm,E##kRw#Y,
klDM#lZG,8ZGlSGVs,cKgKyJ4c,PduEIxC2,RfOYyMEG,Lj0DZV4#,
FkRb#WlQ,#PuRl#Sc,kGaTsNxb,6xN#sRc6,#4hcYD##,qvXJAPVT,
t4KURh#V,PSYfH8jQ,az#8c2eA,vbk4YdXp,fHj4YpZL,fV#V4iLe,
RKn#KBAg,KSkG#h#j,WpnUMlG#,gFUiVExN,oSM#rmn#,eFPiUUzQ,
hWK#fo#w,#XOXBjKY,#w#yRsH#,#ulZnUPE,RzG4WHyX,EnUeECaM,
#fkYF0#K,unJRhyw6,#cb#TJXv,4RHHsPtx,4LvHLurg,R8##GBdM,
LmLE4I88,yNNYDgvF,0YnLsM#k,V#pBIClu,X#6#Lc#j,YVhB#Me#,
KBVboUvh,ZUSIucar,fes0rAkp,vzYEkcO2,MHd8zGpz,yff#rnsE,
BTF0tXnW,wlAOwmRi,#2qBJPah,4niuKJ8l,CLm#IHZd,#z#xUQPV,
RdwA0EP2,#6wLPD#r,opu#6ti#,2hEU6rQX,CmvCZkF0,q#KdKNE#,
c8ciBsoC,H2wLsmG4,HbFEuiCS,rm6a#Khj,RrCqR02w,0xiqRWvw,
8aaAqNqP,#wZffey4,D8uu6xZ#,2fvTb0qh,8yRylimr,MlGZyc#b,
lyEp#Du#,S0W#Ykj#,T8DcoZDb,jh8Ruc2N,IGcJhHM#,HIbF#uKU,
Cm6#lKaC,Zittsuga,8tTqaDxP,mIsnadhL,zlKS#Sv#,8WwBqNJx,
eBXmeuby,bDVjOa4n,wMezEHCL,B#m2U#x6,EusTWBr#,cnr#vtm#,
eABQfbBR,iXRa#ogF,SGwMhYUu,jjtOKPOY,qnNDyouR,klZjJeYz,
